,Attr,Station,Time,Day,Min_mile,Max_mile,Min_day,Max_day,Unit,Track
0,dpt,0,380,0,0,7000,0,2,D,1
1,dpt,14,488,0,0,7000,0,2,D,35
2,dpt,7,689,0,0,7000,0,2,D,22
3,dpt,14,908,0,0,7000,0,2,D,35
4,dpt,15,1122,0,0,7000,0,2,D,37
5,dpt,0,464,0,0,7000,0,2,D,1
6,dpt,16,516,0,0,7000,0,2,D,38
7,dpt,9,617,0,0,7000,0,2,D,27
8,dpt,7,759,0,0,7000,0,2,D,22
9,dpt,14,941,0,0,7000,0,2,D,36
10,dpt,7,1196,0,0,7000,0,2,D,22
11,dpt,20,505,0,0,7000,0,2,D,44
12,dpt,4,892,0,0,7000,0,2,D,16
13,dpt,22,1093,0,0,7000,0,2,D,47
14,dpt,32,1260,0,0,7000,0,2,D,60
15,dpt,0,355,0,0,7000,0,2,G,0
16,dpt,33,411,0,0,7000,0,2,G,61
17,dpt,9,493,0,0,7000,0,2,G,27
18,dpt,5,693,0,0,7000,0,2,G,18
19,dpt,0,831,0,0,7000,0,2,G,0
20,dpt,5,979,0,0,7000,0,2,G,18
21,dpt,13,497,0,0,7000,0,2,G,34
22,dpt,4,650,0,0,7000,0,2,G,16
23,dpt,34,736,0,0,7000,0,2,G,62
24,dpt,17,908,0,0,7000,0,2,G,39
25,dpt,34,1077,0,0,7000,0,2,G,62
26,dpt,0,450,0,0,7000,0,2,G,0
27,dpt,10,715,0,0,7000,0,2,G,29
28,dpt,20,1079,0,0,7000,0,2,G,44
29,dpt,5,466,0,0,7000,0,2,G,18
30,dpt,0,594,0,0,7000,0,2,G,0
31,dpt,2,760,0,0,7000,0,2,G,11
32,dpt,0,870,0,0,7000,0,2,G,0
33,dpt,23,954,0,0,7000,0,2,G,48
34,dpt,0,1023,0,0,7000,0,2,G,0
35,dpt,2,1175,0,0,7000,0,2,G,11
36,dpt,23,1287,0,0,7000,0,2,G,48
37,dpt,0,497,0,0,7000,0,2,D2,1
38,dpt,8,770,0,0,7000,0,2,D2,25
39,dpt,3,1107,0,0,7000,0,2,D2,15
40,dpt,8,588,0,0,7000,0,2,D2,25
41,dpt,0,836,0,0,7000,0,2,D2,3
42,dpt,8,1134,0,0,7000,0,2,D2,25
43,dpt,1,454,0,0,7000,0,2,G,8
44,dpt,0,580,0,0,7000,0,2,G,2
45,dpt,11,1010,0,0,7000,0,2,G,30
46,dpt,35,470,0,0,7000,0,2,G,63
47,dpt,0,517,0,0,7000,0,2,G,4
48,dpt,11,915,0,0,7000,0,2,G,31
49,dpt,0,1324,0,0,7000,0,2,G,5
50,dpt,4,528,0,0,7000,0,2,D2,16
51,dpt,22,754,0,0,7000,0,2,D2,47
52,dpt,6,1053,0,0,7000,0,2,D2,20
53,dpt,20,473,0,0,7000,0,2,D2,44
54,dpt,16,643,0,0,7000,0,2,D2,38
55,dpt,14,762,0,0,7000,0,2,D2,35
56,dpt,0,850,0,0,7000,0,2,D2,1
57,dpt,20,991,0,0,7000,0,2,D2,44
58,dpt,0,394,0,0,7000,0,2,D,0
59,dpt,7,488,0,0,7000,0,2,D,22
60,dpt,9,630,0,0,7000,0,2,D,28
61,dpt,21,771,0,0,7000,0,2,D,45
62,dpt,9,939,0,0,7000,0,2,D,27
63,dpt,16,1060,0,0,7000,0,2,D,38
64,dpt,9,1175,0,0,7000,0,2,D,27
65,dpt,7,442,0,0,7000,0,2,D,22
66,dpt,12,585,0,0,7000,0,2,D,32
67,dpt,16,688,0,0,7000,0,2,D,38
68,dpt,12,783,0,0,7000,0,2,D,32
69,dpt,7,958,0,0,7000,0,2,D,22
70,dpt,0,377,0,0,7000,0,2,D,0
71,dpt,15,517,0,0,7000,0,2,D,37
72,dpt,0,670,0,0,7000,0,2,D,0
73,dpt,15,790,0,0,7000,0,2,D,37
74,dpt,22,919,0,0,7000,0,2,D,47
75,dpt,15,1026,0,0,7000,0,2,D,37
76,dpt,22,1129,0,0,7000,0,2,D,47
77,dpt,7,1231,0,0,7000,0,2,D,23
78,dpt,0,1330,0,0,7000,0,2,D,4
79,dpt,21,430,0,0,7000,0,2,D,45
80,dpt,0,515,0,0,7000,0,2,D,2
81,dpt,7,629,0,0,7000,0,2,D,22
82,dpt,0,740,0,0,7000,0,2,D,2
83,dpt,7,833,0,0,7000,0,2,D,22
84,dpt,0,929,0,0,7000,0,2,D,0
85,dpt,7,1078,0,0,7000,0,2,D,22
86,dpt,0,1195,0,0,7000,0,2,D,3
87,dpt,0,425,0,0,7000,0,2,D,0
88,dpt,32,635,0,0,7000,0,2,D,60
89,dpt,14,897,0,0,7000,0,2,D,36
90,dpt,15,1088,0,0,7000,0,2,D,37
91,dpt,12,1261,0,0,7000,0,2,D,32
92,dpt,1,633,0,0,7000,0,2,D2,6
93,dpt,0,736,0,0,7000,0,2,D2,0
94,dpt,2,860,0,0,7000,0,2,D2,10
95,dpt,0,954,0,0,7000,0,2,D2,1
96,dpt,2,813,0,0,7000,0,2,D2,11
97,dpt,24,1096,0,0,7000,0,2,D2,49
98,dpt,2,1137,0,0,7000,0,2,D2,10
99,dpt,0,1224,0,0,7000,0,2,D2,1
100,dpt,2,1320,0,0,7000,0,2,D2,10
101,dpt,24,425,0,0,7000,0,2,D2,49
102,dpt,2,475,0,0,7000,0,2,D2,10
103,dpt,0,563,0,0,7000,0,2,D2,0
104,dpt,2,686,0,0,7000,0,2,D2,10
105,dpt,0,770,0,0,7000,0,2,D2,0
106,dpt,2,880,0,0,7000,0,2,D2,11
107,dpt,0,976,0,0,7000,0,2,D2,2
108,dpt,2,1072,0,0,7000,0,2,D2,10
109,dpt,0,1171,0,0,7000,0,2,D2,0
110,dpt,10,420,0,0,7000,0,2,G,29
111,dpt,9,674,0,0,7000,0,2,G,27
112,dpt,29,1089,0,0,7000,0,2,G,56
113,dpt,3,449,0,0,7000,0,2,G,13
114,dpt,0,599,0,0,7000,0,2,G,1
115,dpt,1,831,0,0,7000,0,2,G,6
116,dpt,0,1035,0,0,7000,0,2,G,2
117,dpt,41,1200,0,0,7000,0,2,G,69
118,dpt,24,1348,0,0,7000,0,2,G,49
119,dpt,0,576,0,0,7000,0,2,D,3
120,dpt,7,674,0,0,7000,0,2,D,23
121,dpt,12,815,0,0,7000,0,2,D,33
122,dpt,7,976,0,0,7000,0,2,D,24
123,dpt,9,1121,0,0,7000,0,2,D,27
124,dpt,16,1227,0,0,7000,0,2,D,38
125,dpt,12,442,0,0,7000,0,2,D,32
126,dpt,21,550,0,0,7000,0,2,D,45
127,dpt,14,704,0,0,7000,0,2,D,35
128,dpt,21,849,0,0,7000,0,2,D,46
129,dpt,12,1126,0,0,7000,0,2,D,32
130,dpt,1,459,0,0,7000,0,2,D2,9
131,dpt,8,846,0,0,7000,0,2,D2,25
132,dpt,0,1089,0,0,7000,0,2,D2,0
133,dpt,8,505,0,0,7000,0,2,D2,25
134,dpt,0,779,0,0,7000,0,2,D2,1
135,dpt,8,1056,0,0,7000,0,2,D2,25
136,dpt,0,625,0,0,7000,0,2,D,0
137,dpt,7,715,0,0,7000,0,2,D,22
138,dpt,0,805,0,0,7000,0,2,D,0
139,dpt,30,418,0,0,7000,0,2,D,58
140,dpt,9,1032,0,0,7000,0,2,D,27
141,dpt,1,553,0,0,7000,0,2,G2,6
142,dpt,0,641,0,0,7000,0,2,G2,1
143,dpt,2,724,0,0,7000,0,2,G2,10
144,dpt,0,815,0,0,7000,0,2,G2,1
145,dpt,2,946,0,0,7000,0,2,G2,10
146,dpt,0,1029,0,0,7000,0,2,G2,1
147,dpt,35,1082,0,0,7000,0,2,G2,63
148,dpt,0,1141,0,0,7000,0,2,G2,0
149,dpt,2,1229,0,0,7000,0,2,G2,11
150,dpt,0,1316,0,0,7000,0,2,G2,3
151,dpt,11,452,0,0,7000,0,2,G,30
152,dpt,0,822,0,0,7000,0,2,G,2
153,dpt,25,423,0,0,7000,0,2,G,51
154,dpt,0,969,0,0,7000,0,2,G,0
155,dpt,1,383,0,0,7000,0,2,G2,6
156,dpt,23,449,0,0,7000,0,2,G2,48
157,dpt,2,579,0,0,7000,0,2,G2,10
158,dpt,0,678,0,0,7000,0,2,G2,1
159,dpt,2,772,0,0,7000,0,2,G2,10
160,dpt,0,879,0,0,7000,0,2,G2,2
161,dpt,2,986,0,0,7000,0,2,G2,11
162,dpt,0,1103,0,0,7000,0,2,G2,1
163,dpt,2,1222,0,0,7000,0,2,G2,10
164,dpt,0,505,0,0,7000,0,2,G2,3
165,dpt,2,625,0,0,7000,0,2,G2,11
166,dpt,0,720,0,0,7000,0,2,G2,1
167,dpt,2,840,0,0,7000,0,2,G2,12
168,dpt,0,923,0,0,7000,0,2,G2,1
169,dpt,2,1045,0,0,7000,0,2,G2,10
170,dpt,0,1166,0,0,7000,0,2,G2,1
171,dpt,4,564,0,0,7000,0,2,D2,17
172,dpt,17,635,0,0,7000,0,2,D2,39
173,dpt,6,830,0,0,7000,0,2,D2,20
174,dpt,4,964,0,0,7000,0,2,D2,16
175,dpt,6,1101,0,0,7000,0,2,D2,20
176,dpt,1,431,0,0,7000,0,2,D2,7
177,dpt,8,791,0,0,7000,0,2,D2,26
178,dpt,0,1046,0,0,7000,0,2,D2,3
179,dpt,8,425,0,0,7000,0,2,D2,25
180,dpt,0,700,0,0,7000,0,2,D2,0
181,dpt,8,974,0,0,7000,0,2,D2,25
182,dpt,1,556,0,0,7000,0,2,G,7
183,dpt,11,899,0,0,7000,0,2,G,30
184,dpt,0,1305,0,0,7000,0,2,G,1
185,dpt,1,451,0,0,7000,0,2,G,7
186,dpt,11,786,0,0,7000,0,2,G,30
187,dpt,0,1211,0,0,7000,0,2,G,0
188,dpt,1,430,0,0,7000,0,2,G2,6
189,dpt,28,582,0,0,7000,0,2,G2,55
190,dpt,1,679,0,0,7000,0,2,G2,7
191,dpt,21,853,0,0,7000,0,2,G2,45
192,dpt,1,977,0,0,7000,0,2,G2,7
193,dpt,28,1090,0,0,7000,0,2,G2,55
194,dpt,1,1205,0,0,7000,0,2,G2,7
195,dpt,5,1282,0,0,7000,0,2,G2,19
196,dpt,1,1341,0,0,7000,0,2,G2,6
197,dpt,28,417,0,0,7000,0,2,G2,55
198,dpt,1,501,0,0,7000,0,2,G2,7
199,dpt,31,625,0,0,7000,0,2,G2,59
200,dpt,1,749,0,0,7000,0,2,G2,6
201,dpt,5,809,0,0,7000,0,2,G2,18
202,dpt,1,917,0,0,7000,0,2,G2,8
203,dpt,5,979,0,0,7000,0,2,G2,19
204,dpt,1,1060,0,0,7000,0,2,G2,6
205,dpt,31,1182,0,0,7000,0,2,G2,59
206,dpt,1,1310,0,0,7000,0,2,G2,6
207,dpt,5,1372,0,0,7000,0,2,G2,18
208,dpt,3,485,0,0,7000,0,2,G,13
209,dpt,36,833,0,0,7000,0,2,G,64
210,dpt,3,1162,0,0,7000,0,2,G,13
211,dpt,10,556,0,0,7000,0,2,G,29
212,dpt,3,677,0,0,7000,0,2,G,14
213,dpt,36,1015,0,0,7000,0,2,G,64
214,dpt,4,599,0,0,7000,0,2,D2,16
215,dpt,18,999,0,0,7000,0,2,D2,41
216,dpt,37,459,0,0,7000,0,2,D2,65
217,dpt,18,855,0,0,7000,0,2,D2,40
218,dpt,1,446,0,0,7000,0,2,D2,6
219,dpt,24,504,0,0,7000,0,2,D2,49
220,dpt,18,1052,0,0,7000,0,2,D2,40
221,dpt,42,471,0,0,7000,0,2,D,70
222,dpt,3,1081,0,0,7000,0,2,D,13
223,dpt,43,1175,0,0,7000,0,2,D,71
224,dpt,44,501,0,0,7000,0,2,D,72
225,dpt,3,560,0,0,7000,0,2,D,13
226,dpt,1,392,0,0,7000,0,2,G2,7
227,dpt,33,532,0,0,7000,0,2,G2,61
228,dpt,45,713,0,0,7000,0,2,G2,73
229,dpt,7,985,0,0,7000,0,2,G2,23
230,dpt,2,1274,0,0,7000,0,2,G2,12
231,dpt,35,440,0,0,7000,0,2,G2,63
232,dpt,12,513,0,0,7000,0,2,G2,32
233,dpt,1,701,0,0,7000,0,2,G2,6
234,dpt,46,820,0,0,7000,0,2,G2,74
235,dpt,1,882,0,0,7000,0,2,G2,6
236,dpt,14,1063,0,0,7000,0,2,G2,35
237,dpt,0,529,0,0,7000,0,2,D,0
238,dpt,1,709,0,0,7000,0,2,D,7
239,dpt,5,776,0,0,7000,0,2,D,18
240,dpt,1,875,0,0,7000,0,2,D,7
241,dpt,31,1030,0,0,7000,0,2,D,59
242,dpt,1,1185,0,0,7000,0,2,D,6
243,dpt,4,554,0,0,7000,0,2,G,16
244,dpt,23,779,0,0,7000,0,2,G,48
245,dpt,29,1155,0,0,7000,0,2,G,57
246,dpt,1,474,0,0,7000,0,2,G,6
247,dpt,6,754,0,0,7000,0,2,G,21
248,dpt,29,981,0,0,7000,0,2,G,56
249,dpt,6,1188,0,0,7000,0,2,G,20
250,dpt,4,615,0,0,7000,0,2,D2,16
251,dpt,6,728,0,0,7000,0,2,D2,20
252,dpt,4,839,0,0,7000,0,2,D2,16
253,dpt,6,961,0,0,7000,0,2,D2,20
254,dpt,17,1163,0,0,7000,0,2,D2,39
255,dpt,4,1262,0,0,7000,0,2,D2,17
256,dpt,37,504,0,0,7000,0,2,D2,65
257,dpt,6,695,0,0,7000,0,2,D2,20
258,dpt,1,969,0,0,7000,0,2,D2,6
259,dpt,6,1217,0,0,7000,0,2,D2,20
260,dpt,1,401,0,0,7000,0,2,G,6
261,dpt,25,960,0,0,7000,0,2,G,51
262,dpt,3,533,0,0,7000,0,2,D2,13
263,dpt,10,651,0,0,7000,0,2,D2,29
264,dpt,3,749,0,0,7000,0,2,D2,14
265,dpt,10,864,0,0,7000,0,2,D2,29
266,dpt,3,990,0,0,7000,0,2,D2,13
267,dpt,10,1094,0,0,7000,0,2,D2,29
268,dpt,3,1237,0,0,7000,0,2,D2,13
269,dpt,3,428,0,0,7000,0,2,D2,13
270,dpt,10,531,0,0,7000,0,2,D2,29
271,dpt,3,664,0,0,7000,0,2,D2,13
272,dpt,10,773,0,0,7000,0,2,D2,29
273,dpt,3,884,0,0,7000,0,2,D2,13
274,dpt,10,986,0,0,7000,0,2,D2,29
275,dpt,3,1082,0,0,7000,0,2,D2,14
276,dpt,10,1197,0,0,7000,0,2,D2,29
277,dpt,3,390,0,0,7000,0,2,G2,13
278,dpt,19,564,0,0,7000,0,2,G2,42
279,dpt,3,732,0,0,7000,0,2,G2,13
280,dpt,47,852,0,0,7000,0,2,G2,75
281,dpt,3,982,0,0,7000,0,2,G2,14
282,dpt,19,1135,0,0,7000,0,2,G2,43
283,dpt,3,1281,0,0,7000,0,2,G2,13
284,dpt,19,462,0,0,7000,0,2,G2,42
285,dpt,3,618,0,0,7000,0,2,G2,13
286,dpt,19,763,0,0,7000,0,2,G2,42
287,dpt,3,912,0,0,7000,0,2,G2,13
288,dpt,19,1154,0,0,7000,0,2,G2,42
289,dpt,13,520,0,0,7000,0,2,G2,34
290,dpt,4,741,0,0,7000,0,2,G2,16
291,dpt,13,945,0,0,7000,0,2,G2,34
292,dpt,9,415,0,0,7000,0,2,G2,27
293,dpt,13,894,0,0,7000,0,2,G2,34
294,dpt,4,1125,0,0,7000,0,2,G2,16
295,dpt,0,568,0,0,7000,0,2,G2,1
296,dpt,38,1081,0,0,7000,0,2,G2,66
297,dpt,13,1166,0,0,7000,0,2,G2,34
298,dpt,4,532,0,0,7000,0,2,G2,17
299,dpt,13,713,0,0,7000,0,2,G2,34
300,dpt,38,810,0,0,7000,0,2,G2,66
301,dpt,0,550,0,0,7000,0,2,D2,1
302,dpt,8,865,0,0,7000,0,2,D2,26
303,dpt,5,519,0,0,7000,0,2,G2,18
304,dpt,8,890,0,0,7000,0,2,G2,25
305,dpt,5,409,0,0,7000,0,2,G2,18
306,dpt,4,758,0,0,7000,0,2,G2,17
307,dpt,5,1179,0,0,7000,0,2,G2,18
308,dpt,0,496,0,0,7000,0,2,G2,0
309,dpt,18,981,0,0,7000,0,2,G2,40
310,dpt,4,488,0,0,7000,0,2,G2,16
311,dpt,18,750,0,0,7000,0,2,G2,40
312,dpt,0,1820,1,0,7000,0,2,D,1
313,dpt,14,1928,1,0,7000,0,2,D,35
314,dpt,7,2129,1,0,7000,0,2,D,22
315,dpt,14,2348,1,0,7000,0,2,D,35
316,dpt,15,2562,1,0,7000,0,2,D,37
317,dpt,0,1904,1,0,7000,0,2,D,1
318,dpt,16,1956,1,0,7000,0,2,D,38
319,dpt,9,2057,1,0,7000,0,2,D,27
320,dpt,7,2199,1,0,7000,0,2,D,22
321,dpt,14,2381,1,0,7000,0,2,D,36
322,dpt,7,2636,1,0,7000,0,2,D,22
323,dpt,20,1945,1,0,7000,0,2,D,44
324,dpt,4,2332,1,0,7000,0,2,D,16
325,dpt,22,2533,1,0,7000,0,2,D,47
326,dpt,32,2700,1,0,7000,0,2,D,60
327,dpt,0,1795,1,0,7000,0,2,G,0
328,dpt,33,1851,1,0,7000,0,2,G,61
329,dpt,9,1933,1,0,7000,0,2,G,27
330,dpt,5,2133,1,0,7000,0,2,G,18
331,dpt,0,2271,1,0,7000,0,2,G,0
332,dpt,5,2419,1,0,7000,0,2,G,18
333,dpt,13,1937,1,0,7000,0,2,G,34
334,dpt,4,2090,1,0,7000,0,2,G,16
335,dpt,34,2176,1,0,7000,0,2,G,62
336,dpt,17,2348,1,0,7000,0,2,G,39
337,dpt,34,2517,1,0,7000,0,2,G,62
338,dpt,0,1890,1,0,7000,0,2,G,0
339,dpt,10,2155,1,0,7000,0,2,G,29
340,dpt,20,2519,1,0,7000,0,2,G,44
341,dpt,5,1906,1,0,7000,0,2,G,18
342,dpt,0,2034,1,0,7000,0,2,G,0
343,dpt,2,2200,1,0,7000,0,2,G,11
344,dpt,0,2310,1,0,7000,0,2,G,0
345,dpt,23,2394,1,0,7000,0,2,G,48
346,dpt,0,2463,1,0,7000,0,2,G,0
347,dpt,2,2615,1,0,7000,0,2,G,11
348,dpt,23,2727,1,0,7000,0,2,G,48
349,dpt,0,1937,1,0,7000,0,2,D2,1
350,dpt,8,2210,1,0,7000,0,2,D2,25
351,dpt,3,2547,1,0,7000,0,2,D2,15
352,dpt,8,2028,1,0,7000,0,2,D2,25
353,dpt,0,2276,1,0,7000,0,2,D2,3
354,dpt,8,2574,1,0,7000,0,2,D2,25
355,dpt,1,1894,1,0,7000,0,2,G,8
356,dpt,0,2020,1,0,7000,0,2,G,2
357,dpt,11,2450,1,0,7000,0,2,G,30
358,dpt,35,1910,1,0,7000,0,2,G,63
359,dpt,0,1957,1,0,7000,0,2,G,4
360,dpt,11,2355,1,0,7000,0,2,G,31
361,dpt,0,2764,1,0,7000,0,2,G,5
362,dpt,4,1968,1,0,7000,0,2,D2,16
363,dpt,22,2194,1,0,7000,0,2,D2,47
364,dpt,6,2493,1,0,7000,0,2,D2,20
365,dpt,20,1913,1,0,7000,0,2,D2,44
366,dpt,16,2083,1,0,7000,0,2,D2,38
367,dpt,14,2202,1,0,7000,0,2,D2,35
368,dpt,0,2290,1,0,7000,0,2,D2,1
369,dpt,20,2431,1,0,7000,0,2,D2,44
370,dpt,0,1834,1,0,7000,0,2,D,0
371,dpt,7,1928,1,0,7000,0,2,D,22
372,dpt,9,2070,1,0,7000,0,2,D,28
373,dpt,21,2211,1,0,7000,0,2,D,45
374,dpt,9,2379,1,0,7000,0,2,D,27
375,dpt,16,2500,1,0,7000,0,2,D,38
376,dpt,9,2615,1,0,7000,0,2,D,27
377,dpt,7,1882,1,0,7000,0,2,D,22
378,dpt,12,2025,1,0,7000,0,2,D,32
379,dpt,16,2128,1,0,7000,0,2,D,38
380,dpt,12,2223,1,0,7000,0,2,D,32
381,dpt,7,2398,1,0,7000,0,2,D,22
382,dpt,0,1817,1,0,7000,0,2,D,0
383,dpt,15,1957,1,0,7000,0,2,D,37
384,dpt,0,2110,1,0,7000,0,2,D,0
385,dpt,15,2230,1,0,7000,0,2,D,37
386,dpt,22,2359,1,0,7000,0,2,D,47
387,dpt,15,2466,1,0,7000,0,2,D,37
388,dpt,22,2569,1,0,7000,0,2,D,47
389,dpt,7,2671,1,0,7000,0,2,D,23
390,dpt,0,2770,1,0,7000,0,2,D,4
391,dpt,21,1870,1,0,7000,0,2,D,45
392,dpt,0,1955,1,0,7000,0,2,D,2
393,dpt,7,2069,1,0,7000,0,2,D,22
394,dpt,0,2180,1,0,7000,0,2,D,2
395,dpt,7,2273,1,0,7000,0,2,D,22
396,dpt,0,2369,1,0,7000,0,2,D,0
397,dpt,7,2518,1,0,7000,0,2,D,22
398,dpt,0,2635,1,0,7000,0,2,D,3
399,dpt,0,1865,1,0,7000,0,2,D,0
400,dpt,32,2075,1,0,7000,0,2,D,60
401,dpt,14,2337,1,0,7000,0,2,D,36
402,dpt,15,2528,1,0,7000,0,2,D,37
403,dpt,12,2701,1,0,7000,0,2,D,32
404,dpt,1,2073,1,0,7000,0,2,D2,6
405,dpt,0,2176,1,0,7000,0,2,D2,0
406,dpt,2,2300,1,0,7000,0,2,D2,10
407,dpt,0,2394,1,0,7000,0,2,D2,1
408,dpt,2,2253,1,0,7000,0,2,D2,11
409,dpt,24,2536,1,0,7000,0,2,D2,49
410,dpt,2,2577,1,0,7000,0,2,D2,10
411,dpt,0,2664,1,0,7000,0,2,D2,1
412,dpt,2,2760,1,0,7000,0,2,D2,10
413,dpt,24,1865,1,0,7000,0,2,D2,49
414,dpt,2,1915,1,0,7000,0,2,D2,10
415,dpt,0,2003,1,0,7000,0,2,D2,0
416,dpt,2,2126,1,0,7000,0,2,D2,10
417,dpt,0,2210,1,0,7000,0,2,D2,0
418,dpt,2,2320,1,0,7000,0,2,D2,11
419,dpt,0,2416,1,0,7000,0,2,D2,2
420,dpt,2,2512,1,0,7000,0,2,D2,10
421,dpt,0,2611,1,0,7000,0,2,D2,0
422,dpt,10,1860,1,0,7000,0,2,G,29
423,dpt,9,2114,1,0,7000,0,2,G,27
424,dpt,29,2529,1,0,7000,0,2,G,56
425,dpt,3,1889,1,0,7000,0,2,G,13
426,dpt,0,2039,1,0,7000,0,2,G,1
427,dpt,1,2271,1,0,7000,0,2,G,6
428,dpt,0,2475,1,0,7000,0,2,G,2
429,dpt,41,2640,1,0,7000,0,2,G,69
430,dpt,24,2788,1,0,7000,0,2,G,49
431,dpt,0,2016,1,0,7000,0,2,D,3
432,dpt,7,2114,1,0,7000,0,2,D,23
433,dpt,12,2255,1,0,7000,0,2,D,33
434,dpt,7,2416,1,0,7000,0,2,D,24
435,dpt,9,2561,1,0,7000,0,2,D,27
436,dpt,16,2667,1,0,7000,0,2,D,38
437,dpt,12,1882,1,0,7000,0,2,D,32
438,dpt,21,1990,1,0,7000,0,2,D,45
439,dpt,14,2144,1,0,7000,0,2,D,35
440,dpt,21,2289,1,0,7000,0,2,D,46
441,dpt,12,2566,1,0,7000,0,2,D,32
442,dpt,1,1899,1,0,7000,0,2,D2,9
443,dpt,8,2286,1,0,7000,0,2,D2,25
444,dpt,0,2529,1,0,7000,0,2,D2,0
445,dpt,8,1945,1,0,7000,0,2,D2,25
446,dpt,0,2219,1,0,7000,0,2,D2,1
447,dpt,8,2496,1,0,7000,0,2,D2,25
448,dpt,0,2065,1,0,7000,0,2,D,0
449,dpt,7,2155,1,0,7000,0,2,D,22
450,dpt,0,2245,1,0,7000,0,2,D,0
451,dpt,30,1858,1,0,7000,0,2,D,58
452,dpt,9,2472,1,0,7000,0,2,D,27
453,dpt,1,1993,1,0,7000,0,2,G2,6
454,dpt,0,2081,1,0,7000,0,2,G2,1
455,dpt,2,2164,1,0,7000,0,2,G2,10
456,dpt,0,2255,1,0,7000,0,2,G2,1
457,dpt,2,2386,1,0,7000,0,2,G2,10
458,dpt,0,2469,1,0,7000,0,2,G2,1
459,dpt,35,2522,1,0,7000,0,2,G2,63
460,dpt,0,2581,1,0,7000,0,2,G2,0
461,dpt,2,2669,1,0,7000,0,2,G2,11
462,dpt,0,2756,1,0,7000,0,2,G2,3
463,dpt,11,1892,1,0,7000,0,2,G,30
464,dpt,0,2262,1,0,7000,0,2,G,2
465,dpt,25,1863,1,0,7000,0,2,G,51
466,dpt,0,2409,1,0,7000,0,2,G,0
467,dpt,1,1823,1,0,7000,0,2,G2,6
468,dpt,23,1889,1,0,7000,0,2,G2,48
469,dpt,2,2019,1,0,7000,0,2,G2,10
470,dpt,0,2118,1,0,7000,0,2,G2,1
471,dpt,2,2212,1,0,7000,0,2,G2,10
472,dpt,0,2319,1,0,7000,0,2,G2,2
473,dpt,2,2426,1,0,7000,0,2,G2,11
474,dpt,0,2543,1,0,7000,0,2,G2,1
475,dpt,2,2662,1,0,7000,0,2,G2,10
476,dpt,0,1945,1,0,7000,0,2,G2,3
477,dpt,2,2065,1,0,7000,0,2,G2,11
478,dpt,0,2160,1,0,7000,0,2,G2,1
479,dpt,2,2280,1,0,7000,0,2,G2,12
480,dpt,0,2363,1,0,7000,0,2,G2,1
481,dpt,2,2485,1,0,7000,0,2,G2,10
482,dpt,0,2606,1,0,7000,0,2,G2,1
483,dpt,4,2004,1,0,7000,0,2,D2,17
484,dpt,17,2075,1,0,7000,0,2,D2,39
485,dpt,6,2270,1,0,7000,0,2,D2,20
486,dpt,4,2404,1,0,7000,0,2,D2,16
487,dpt,6,2541,1,0,7000,0,2,D2,20
488,dpt,1,1871,1,0,7000,0,2,D2,7
489,dpt,8,2231,1,0,7000,0,2,D2,26
490,dpt,0,2486,1,0,7000,0,2,D2,3
491,dpt,8,1865,1,0,7000,0,2,D2,25
492,dpt,0,2140,1,0,7000,0,2,D2,0
493,dpt,8,2414,1,0,7000,0,2,D2,25
494,dpt,1,1996,1,0,7000,0,2,G,7
495,dpt,11,2339,1,0,7000,0,2,G,30
496,dpt,0,2745,1,0,7000,0,2,G,1
497,dpt,1,1891,1,0,7000,0,2,G,7
498,dpt,11,2226,1,0,7000,0,2,G,30
499,dpt,0,2651,1,0,7000,0,2,G,0
500,dpt,1,1870,1,0,7000,0,2,G2,6
501,dpt,28,2022,1,0,7000,0,2,G2,55
502,dpt,1,2119,1,0,7000,0,2,G2,7
503,dpt,21,2293,1,0,7000,0,2,G2,45
504,dpt,1,2417,1,0,7000,0,2,G2,7
505,dpt,28,2530,1,0,7000,0,2,G2,55
506,dpt,1,2645,1,0,7000,0,2,G2,7
507,dpt,5,2722,1,0,7000,0,2,G2,19
508,dpt,1,2781,1,0,7000,0,2,G2,6
509,dpt,28,1857,1,0,7000,0,2,G2,55
510,dpt,1,1941,1,0,7000,0,2,G2,7
511,dpt,31,2065,1,0,7000,0,2,G2,59
512,dpt,1,2189,1,0,7000,0,2,G2,6
513,dpt,5,2249,1,0,7000,0,2,G2,18
514,dpt,1,2357,1,0,7000,0,2,G2,8
515,dpt,5,2419,1,0,7000,0,2,G2,19
516,dpt,1,2500,1,0,7000,0,2,G2,6
517,dpt,31,2622,1,0,7000,0,2,G2,59
518,dpt,1,2750,1,0,7000,0,2,G2,6
519,dpt,5,2812,1,0,7000,0,2,G2,18
520,dpt,3,1925,1,0,7000,0,2,G,13
521,dpt,36,2273,1,0,7000,0,2,G,64
522,dpt,3,2602,1,0,7000,0,2,G,13
523,dpt,10,1996,1,0,7000,0,2,G,29
524,dpt,3,2117,1,0,7000,0,2,G,14
525,dpt,36,2455,1,0,7000,0,2,G,64
526,dpt,4,2039,1,0,7000,0,2,D2,16
527,dpt,18,2439,1,0,7000,0,2,D2,41
528,dpt,37,1899,1,0,7000,0,2,D2,65
529,dpt,18,2295,1,0,7000,0,2,D2,40
530,dpt,1,1886,1,0,7000,0,2,D2,6
531,dpt,24,1944,1,0,7000,0,2,D2,49
532,dpt,18,2492,1,0,7000,0,2,D2,40
533,dpt,42,1911,1,0,7000,0,2,D,70
534,dpt,3,2521,1,0,7000,0,2,D,13
535,dpt,43,2615,1,0,7000,0,2,D,71
536,dpt,44,1941,1,0,7000,0,2,D,72
537,dpt,3,2000,1,0,7000,0,2,D,13
538,dpt,1,1832,1,0,7000,0,2,G2,7
539,dpt,33,1972,1,0,7000,0,2,G2,61
540,dpt,45,2153,1,0,7000,0,2,G2,73
541,dpt,7,2425,1,0,7000,0,2,G2,23
542,dpt,2,2714,1,0,7000,0,2,G2,12
543,dpt,35,1880,1,0,7000,0,2,G2,63
544,dpt,12,1953,1,0,7000,0,2,G2,32
545,dpt,1,2141,1,0,7000,0,2,G2,6
546,dpt,46,2260,1,0,7000,0,2,G2,74
547,dpt,1,2322,1,0,7000,0,2,G2,6
548,dpt,14,2503,1,0,7000,0,2,G2,35
549,dpt,0,1969,1,0,7000,0,2,D,0
550,dpt,1,2149,1,0,7000,0,2,D,7
551,dpt,5,2216,1,0,7000,0,2,D,18
552,dpt,1,2315,1,0,7000,0,2,D,7
553,dpt,31,2470,1,0,7000,0,2,D,59
554,dpt,1,2625,1,0,7000,0,2,D,6
555,dpt,4,1994,1,0,7000,0,2,G,16
556,dpt,23,2219,1,0,7000,0,2,G,48
557,dpt,29,2595,1,0,7000,0,2,G,57
558,dpt,1,1914,1,0,7000,0,2,G,6
559,dpt,6,2194,1,0,7000,0,2,G,21
560,dpt,29,2421,1,0,7000,0,2,G,56
561,dpt,6,2628,1,0,7000,0,2,G,20
562,dpt,4,2055,1,0,7000,0,2,D2,16
563,dpt,6,2168,1,0,7000,0,2,D2,20
564,dpt,4,2279,1,0,7000,0,2,D2,16
565,dpt,6,2401,1,0,7000,0,2,D2,20
566,dpt,17,2603,1,0,7000,0,2,D2,39
567,dpt,4,2702,1,0,7000,0,2,D2,17
568,dpt,37,1944,1,0,7000,0,2,D2,65
569,dpt,6,2135,1,0,7000,0,2,D2,20
570,dpt,1,2409,1,0,7000,0,2,D2,6
571,dpt,6,2657,1,0,7000,0,2,D2,20
572,dpt,1,1841,1,0,7000,0,2,G,6
573,dpt,25,2400,1,0,7000,0,2,G,51
574,dpt,3,1973,1,0,7000,0,2,D2,13
575,dpt,10,2091,1,0,7000,0,2,D2,29
576,dpt,3,2189,1,0,7000,0,2,D2,14
577,dpt,10,2304,1,0,7000,0,2,D2,29
578,dpt,3,2430,1,0,7000,0,2,D2,13
579,dpt,10,2534,1,0,7000,0,2,D2,29
580,dpt,3,2677,1,0,7000,0,2,D2,13
581,dpt,3,1868,1,0,7000,0,2,D2,13
582,dpt,10,1971,1,0,7000,0,2,D2,29
583,dpt,3,2104,1,0,7000,0,2,D2,13
584,dpt,10,2213,1,0,7000,0,2,D2,29
585,dpt,3,2324,1,0,7000,0,2,D2,13
586,dpt,10,2426,1,0,7000,0,2,D2,29
587,dpt,3,2522,1,0,7000,0,2,D2,14
588,dpt,10,2637,1,0,7000,0,2,D2,29
589,dpt,3,1830,1,0,7000,0,2,G2,13
590,dpt,19,2004,1,0,7000,0,2,G2,42
591,dpt,3,2172,1,0,7000,0,2,G2,13
592,dpt,47,2292,1,0,7000,0,2,G2,75
593,dpt,3,2422,1,0,7000,0,2,G2,14
594,dpt,19,2575,1,0,7000,0,2,G2,43
595,dpt,3,2721,1,0,7000,0,2,G2,13
596,dpt,19,1902,1,0,7000,0,2,G2,42
597,dpt,3,2058,1,0,7000,0,2,G2,13
598,dpt,19,2203,1,0,7000,0,2,G2,42
599,dpt,3,2352,1,0,7000,0,2,G2,13
600,dpt,19,2594,1,0,7000,0,2,G2,42
601,dpt,13,1960,1,0,7000,0,2,G2,34
602,dpt,4,2181,1,0,7000,0,2,G2,16
603,dpt,13,2385,1,0,7000,0,2,G2,34
604,dpt,9,1855,1,0,7000,0,2,G2,27
605,dpt,13,2334,1,0,7000,0,2,G2,34
606,dpt,4,2565,1,0,7000,0,2,G2,16
607,dpt,0,2008,1,0,7000,0,2,G2,1
608,dpt,38,2521,1,0,7000,0,2,G2,66
609,dpt,13,2606,1,0,7000,0,2,G2,34
610,dpt,4,1972,1,0,7000,0,2,G2,17
611,dpt,13,2153,1,0,7000,0,2,G2,34
612,dpt,38,2250,1,0,7000,0,2,G2,66
613,dpt,0,1990,1,0,7000,0,2,D2,1
614,dpt,8,2305,1,0,7000,0,2,D2,26
615,dpt,5,1959,1,0,7000,0,2,G2,18
616,dpt,8,2330,1,0,7000,0,2,G2,25
617,dpt,5,1849,1,0,7000,0,2,G2,18
618,dpt,4,2198,1,0,7000,0,2,G2,17
619,dpt,5,2619,1,0,7000,0,2,G2,18
620,dpt,0,1936,1,0,7000,0,2,G2,0
621,dpt,18,2421,1,0,7000,0,2,G2,40
622,dpt,4,1928,1,0,7000,0,2,G2,16
623,dpt,18,2190,1,0,7000,0,2,G2,40
624,dpt,0,3260,2,0,7000,0,2,D,1
625,dpt,14,3368,2,0,7000,0,2,D,35
626,dpt,7,3569,2,0,7000,0,2,D,22
627,dpt,14,3788,2,0,7000,0,2,D,35
628,dpt,15,4002,2,0,7000,0,2,D,37
629,dpt,0,3344,2,0,7000,0,2,D,1
630,dpt,16,3396,2,0,7000,0,2,D,38
631,dpt,9,3497,2,0,7000,0,2,D,27
632,dpt,7,3639,2,0,7000,0,2,D,22
633,dpt,14,3821,2,0,7000,0,2,D,36
634,dpt,7,4076,2,0,7000,0,2,D,22
635,dpt,20,3385,2,0,7000,0,2,D,44
636,dpt,4,3772,2,0,7000,0,2,D,16
637,dpt,22,3973,2,0,7000,0,2,D,47
638,dpt,32,4140,2,0,7000,0,2,D,60
639,dpt,0,3235,2,0,7000,0,2,G,0
640,dpt,33,3291,2,0,7000,0,2,G,61
641,dpt,9,3373,2,0,7000,0,2,G,27
642,dpt,5,3573,2,0,7000,0,2,G,18
643,dpt,0,3711,2,0,7000,0,2,G,0
644,dpt,5,3859,2,0,7000,0,2,G,18
645,dpt,13,3377,2,0,7000,0,2,G,34
646,dpt,4,3530,2,0,7000,0,2,G,16
647,dpt,34,3616,2,0,7000,0,2,G,62
648,dpt,17,3788,2,0,7000,0,2,G,39
649,dpt,34,3957,2,0,7000,0,2,G,62
650,dpt,0,3330,2,0,7000,0,2,G,0
651,dpt,10,3595,2,0,7000,0,2,G,29
652,dpt,20,3959,2,0,7000,0,2,G,44
653,dpt,5,3346,2,0,7000,0,2,G,18
654,dpt,0,3474,2,0,7000,0,2,G,0
655,dpt,2,3640,2,0,7000,0,2,G,11
656,dpt,0,3750,2,0,7000,0,2,G,0
657,dpt,23,3834,2,0,7000,0,2,G,48
658,dpt,0,3903,2,0,7000,0,2,G,0
659,dpt,2,4055,2,0,7000,0,2,G,11
660,dpt,23,4167,2,0,7000,0,2,G,48
661,dpt,0,3377,2,0,7000,0,2,D2,1
662,dpt,8,3650,2,0,7000,0,2,D2,25
663,dpt,3,3987,2,0,7000,0,2,D2,15
664,dpt,8,3468,2,0,7000,0,2,D2,25
665,dpt,0,3716,2,0,7000,0,2,D2,3
666,dpt,8,4014,2,0,7000,0,2,D2,25
667,dpt,1,3334,2,0,7000,0,2,G,8
668,dpt,0,3460,2,0,7000,0,2,G,2
669,dpt,11,3890,2,0,7000,0,2,G,30
670,dpt,35,3350,2,0,7000,0,2,G,63
671,dpt,0,3397,2,0,7000,0,2,G,4
672,dpt,11,3795,2,0,7000,0,2,G,31
673,dpt,0,4204,2,0,7000,0,2,G,5
674,dpt,4,3408,2,0,7000,0,2,D2,16
675,dpt,22,3634,2,0,7000,0,2,D2,47
676,dpt,6,3933,2,0,7000,0,2,D2,20
677,dpt,20,3353,2,0,7000,0,2,D2,44
678,dpt,16,3523,2,0,7000,0,2,D2,38
679,dpt,14,3642,2,0,7000,0,2,D2,35
680,dpt,0,3730,2,0,7000,0,2,D2,1
681,dpt,20,3871,2,0,7000,0,2,D2,44
682,dpt,0,3274,2,0,7000,0,2,D,0
683,dpt,7,3368,2,0,7000,0,2,D,22
684,dpt,9,3510,2,0,7000,0,2,D,28
685,dpt,21,3651,2,0,7000,0,2,D,45
686,dpt,9,3819,2,0,7000,0,2,D,27
687,dpt,16,3940,2,0,7000,0,2,D,38
688,dpt,9,4055,2,0,7000,0,2,D,27
689,dpt,7,3322,2,0,7000,0,2,D,22
690,dpt,12,3465,2,0,7000,0,2,D,32
691,dpt,16,3568,2,0,7000,0,2,D,38
692,dpt,12,3663,2,0,7000,0,2,D,32
693,dpt,7,3838,2,0,7000,0,2,D,22
694,dpt,0,3257,2,0,7000,0,2,D,0
695,dpt,15,3397,2,0,7000,0,2,D,37
696,dpt,0,3550,2,0,7000,0,2,D,0
697,dpt,15,3670,2,0,7000,0,2,D,37
698,dpt,22,3799,2,0,7000,0,2,D,47
699,dpt,15,3906,2,0,7000,0,2,D,37
700,dpt,22,4009,2,0,7000,0,2,D,47
701,dpt,7,4111,2,0,7000,0,2,D,23
702,dpt,0,4210,2,0,7000,0,2,D,4
703,dpt,21,3310,2,0,7000,0,2,D,45
704,dpt,0,3395,2,0,7000,0,2,D,2
705,dpt,7,3509,2,0,7000,0,2,D,22
706,dpt,0,3620,2,0,7000,0,2,D,2
707,dpt,7,3713,2,0,7000,0,2,D,22
708,dpt,0,3809,2,0,7000,0,2,D,0
709,dpt,7,3958,2,0,7000,0,2,D,22
710,dpt,0,4075,2,0,7000,0,2,D,3
711,dpt,0,3305,2,0,7000,0,2,D,0
712,dpt,32,3515,2,0,7000,0,2,D,60
713,dpt,14,3777,2,0,7000,0,2,D,36
714,dpt,15,3968,2,0,7000,0,2,D,37
715,dpt,12,4141,2,0,7000,0,2,D,32
716,dpt,1,3513,2,0,7000,0,2,D2,6
717,dpt,0,3616,2,0,7000,0,2,D2,0
718,dpt,2,3740,2,0,7000,0,2,D2,10
719,dpt,0,3834,2,0,7000,0,2,D2,1
720,dpt,2,3693,2,0,7000,0,2,D2,11
721,dpt,24,3976,2,0,7000,0,2,D2,49
722,dpt,2,4017,2,0,7000,0,2,D2,10
723,dpt,0,4104,2,0,7000,0,2,D2,1
724,dpt,2,4200,2,0,7000,0,2,D2,10
725,dpt,24,3305,2,0,7000,0,2,D2,49
726,dpt,2,3355,2,0,7000,0,2,D2,10
727,dpt,0,3443,2,0,7000,0,2,D2,0
728,dpt,2,3566,2,0,7000,0,2,D2,10
729,dpt,0,3650,2,0,7000,0,2,D2,0
730,dpt,2,3760,2,0,7000,0,2,D2,11
731,dpt,0,3856,2,0,7000,0,2,D2,2
732,dpt,2,3952,2,0,7000,0,2,D2,10
733,dpt,0,4051,2,0,7000,0,2,D2,0
734,dpt,10,3300,2,0,7000,0,2,G,29
735,dpt,9,3554,2,0,7000,0,2,G,27
736,dpt,29,3969,2,0,7000,0,2,G,56
737,dpt,3,3329,2,0,7000,0,2,G,13
738,dpt,0,3479,2,0,7000,0,2,G,1
739,dpt,1,3711,2,0,7000,0,2,G,6
740,dpt,0,3915,2,0,7000,0,2,G,2
741,dpt,41,4080,2,0,7000,0,2,G,69
742,dpt,24,4228,2,0,7000,0,2,G,49
743,dpt,0,3456,2,0,7000,0,2,D,3
744,dpt,7,3554,2,0,7000,0,2,D,23
745,dpt,12,3695,2,0,7000,0,2,D,33
746,dpt,7,3856,2,0,7000,0,2,D,24
747,dpt,9,4001,2,0,7000,0,2,D,27
748,dpt,16,4107,2,0,7000,0,2,D,38
749,dpt,12,3322,2,0,7000,0,2,D,32
750,dpt,21,3430,2,0,7000,0,2,D,45
751,dpt,14,3584,2,0,7000,0,2,D,35
752,dpt,21,3729,2,0,7000,0,2,D,46
753,dpt,12,4006,2,0,7000,0,2,D,32
754,dpt,1,3339,2,0,7000,0,2,D2,9
755,dpt,8,3726,2,0,7000,0,2,D2,25
756,dpt,0,3969,2,0,7000,0,2,D2,0
757,dpt,8,3385,2,0,7000,0,2,D2,25
758,dpt,0,3659,2,0,7000,0,2,D2,1
759,dpt,8,3936,2,0,7000,0,2,D2,25
760,dpt,0,3505,2,0,7000,0,2,D,0
761,dpt,7,3595,2,0,7000,0,2,D,22
762,dpt,0,3685,2,0,7000,0,2,D,0
763,dpt,30,3298,2,0,7000,0,2,D,58
764,dpt,9,3912,2,0,7000,0,2,D,27
765,dpt,1,3433,2,0,7000,0,2,G2,6
766,dpt,0,3521,2,0,7000,0,2,G2,1
767,dpt,2,3604,2,0,7000,0,2,G2,10
768,dpt,0,3695,2,0,7000,0,2,G2,1
769,dpt,2,3826,2,0,7000,0,2,G2,10
770,dpt,0,3909,2,0,7000,0,2,G2,1
771,dpt,35,3962,2,0,7000,0,2,G2,63
772,dpt,0,4021,2,0,7000,0,2,G2,0
773,dpt,2,4109,2,0,7000,0,2,G2,11
774,dpt,0,4196,2,0,7000,0,2,G2,3
775,dpt,11,3332,2,0,7000,0,2,G,30
776,dpt,0,3702,2,0,7000,0,2,G,2
777,dpt,25,3303,2,0,7000,0,2,G,51
778,dpt,0,3849,2,0,7000,0,2,G,0
779,dpt,1,3263,2,0,7000,0,2,G2,6
780,dpt,23,3329,2,0,7000,0,2,G2,48
781,dpt,2,3459,2,0,7000,0,2,G2,10
782,dpt,0,3558,2,0,7000,0,2,G2,1
783,dpt,2,3652,2,0,7000,0,2,G2,10
784,dpt,0,3759,2,0,7000,0,2,G2,2
785,dpt,2,3866,2,0,7000,0,2,G2,11
786,dpt,0,3983,2,0,7000,0,2,G2,1
787,dpt,2,4102,2,0,7000,0,2,G2,10
788,dpt,0,3385,2,0,7000,0,2,G2,3
789,dpt,2,3505,2,0,7000,0,2,G2,11
790,dpt,0,3600,2,0,7000,0,2,G2,1
791,dpt,2,3720,2,0,7000,0,2,G2,12
792,dpt,0,3803,2,0,7000,0,2,G2,1
793,dpt,2,3925,2,0,7000,0,2,G2,10
794,dpt,0,4046,2,0,7000,0,2,G2,1
795,dpt,4,3444,2,0,7000,0,2,D2,17
796,dpt,17,3515,2,0,7000,0,2,D2,39
797,dpt,6,3710,2,0,7000,0,2,D2,20
798,dpt,4,3844,2,0,7000,0,2,D2,16
799,dpt,6,3981,2,0,7000,0,2,D2,20
800,dpt,1,3311,2,0,7000,0,2,D2,7
801,dpt,8,3671,2,0,7000,0,2,D2,26
802,dpt,0,3926,2,0,7000,0,2,D2,3
803,dpt,8,3305,2,0,7000,0,2,D2,25
804,dpt,0,3580,2,0,7000,0,2,D2,0
805,dpt,8,3854,2,0,7000,0,2,D2,25
806,dpt,1,3436,2,0,7000,0,2,G,7
807,dpt,11,3779,2,0,7000,0,2,G,30
808,dpt,0,4185,2,0,7000,0,2,G,1
809,dpt,1,3331,2,0,7000,0,2,G,7
810,dpt,11,3666,2,0,7000,0,2,G,30
811,dpt,0,4091,2,0,7000,0,2,G,0
812,dpt,1,3310,2,0,7000,0,2,G2,6
813,dpt,28,3462,2,0,7000,0,2,G2,55
814,dpt,1,3559,2,0,7000,0,2,G2,7
815,dpt,21,3733,2,0,7000,0,2,G2,45
816,dpt,1,3857,2,0,7000,0,2,G2,7
817,dpt,28,3970,2,0,7000,0,2,G2,55
818,dpt,1,4085,2,0,7000,0,2,G2,7
819,dpt,5,4162,2,0,7000,0,2,G2,19
820,dpt,1,4221,2,0,7000,0,2,G2,6
821,dpt,28,3297,2,0,7000,0,2,G2,55
822,dpt,1,3381,2,0,7000,0,2,G2,7
823,dpt,31,3505,2,0,7000,0,2,G2,59
824,dpt,1,3629,2,0,7000,0,2,G2,6
825,dpt,5,3689,2,0,7000,0,2,G2,18
826,dpt,1,3797,2,0,7000,0,2,G2,8
827,dpt,5,3859,2,0,7000,0,2,G2,19
828,dpt,1,3940,2,0,7000,0,2,G2,6
829,dpt,31,4062,2,0,7000,0,2,G2,59
830,dpt,1,4190,2,0,7000,0,2,G2,6
831,dpt,5,4252,2,0,7000,0,2,G2,18
832,dpt,3,3365,2,0,7000,0,2,G,13
833,dpt,36,3713,2,0,7000,0,2,G,64
834,dpt,3,4042,2,0,7000,0,2,G,13
835,dpt,10,3436,2,0,7000,0,2,G,29
836,dpt,3,3557,2,0,7000,0,2,G,14
837,dpt,36,3895,2,0,7000,0,2,G,64
838,dpt,4,3479,2,0,7000,0,2,D2,16
839,dpt,18,3879,2,0,7000,0,2,D2,41
840,dpt,37,3339,2,0,7000,0,2,D2,65
841,dpt,18,3735,2,0,7000,0,2,D2,40
842,dpt,1,3326,2,0,7000,0,2,D2,6
843,dpt,24,3384,2,0,7000,0,2,D2,49
844,dpt,18,3932,2,0,7000,0,2,D2,40
845,dpt,42,3351,2,0,7000,0,2,D,70
846,dpt,3,3961,2,0,7000,0,2,D,13
847,dpt,43,4055,2,0,7000,0,2,D,71
848,dpt,44,3381,2,0,7000,0,2,D,72
849,dpt,3,3440,2,0,7000,0,2,D,13
850,dpt,1,3272,2,0,7000,0,2,G2,7
851,dpt,33,3412,2,0,7000,0,2,G2,61
852,dpt,45,3593,2,0,7000,0,2,G2,73
853,dpt,7,3865,2,0,7000,0,2,G2,23
854,dpt,2,4154,2,0,7000,0,2,G2,12
855,dpt,35,3320,2,0,7000,0,2,G2,63
856,dpt,12,3393,2,0,7000,0,2,G2,32
857,dpt,1,3581,2,0,7000,0,2,G2,6
858,dpt,46,3700,2,0,7000,0,2,G2,74
859,dpt,1,3762,2,0,7000,0,2,G2,6
860,dpt,14,3943,2,0,7000,0,2,G2,35
861,dpt,0,3409,2,0,7000,0,2,D,0
862,dpt,1,3589,2,0,7000,0,2,D,7
863,dpt,5,3656,2,0,7000,0,2,D,18
864,dpt,1,3755,2,0,7000,0,2,D,7
865,dpt,31,3910,2,0,7000,0,2,D,59
866,dpt,1,4065,2,0,7000,0,2,D,6
867,dpt,4,3434,2,0,7000,0,2,G,16
868,dpt,23,3659,2,0,7000,0,2,G,48
869,dpt,29,4035,2,0,7000,0,2,G,57
870,dpt,1,3354,2,0,7000,0,2,G,6
871,dpt,6,3634,2,0,7000,0,2,G,21
872,dpt,29,3861,2,0,7000,0,2,G,56
873,dpt,6,4068,2,0,7000,0,2,G,20
874,dpt,4,3495,2,0,7000,0,2,D2,16
875,dpt,6,3608,2,0,7000,0,2,D2,20
876,dpt,4,3719,2,0,7000,0,2,D2,16
877,dpt,6,3841,2,0,7000,0,2,D2,20
878,dpt,17,4043,2,0,7000,0,2,D2,39
879,dpt,4,4142,2,0,7000,0,2,D2,17
880,dpt,37,3384,2,0,7000,0,2,D2,65
881,dpt,6,3575,2,0,7000,0,2,D2,20
882,dpt,1,3849,2,0,7000,0,2,D2,6
883,dpt,6,4097,2,0,7000,0,2,D2,20
884,dpt,1,3281,2,0,7000,0,2,G,6
885,dpt,25,3840,2,0,7000,0,2,G,51
886,dpt,3,3413,2,0,7000,0,2,D2,13
887,dpt,10,3531,2,0,7000,0,2,D2,29
888,dpt,3,3629,2,0,7000,0,2,D2,14
889,dpt,10,3744,2,0,7000,0,2,D2,29
890,dpt,3,3870,2,0,7000,0,2,D2,13
891,dpt,10,3974,2,0,7000,0,2,D2,29
892,dpt,3,4117,2,0,7000,0,2,D2,13
893,dpt,3,3308,2,0,7000,0,2,D2,13
894,dpt,10,3411,2,0,7000,0,2,D2,29
895,dpt,3,3544,2,0,7000,0,2,D2,13
896,dpt,10,3653,2,0,7000,0,2,D2,29
897,dpt,3,3764,2,0,7000,0,2,D2,13
898,dpt,10,3866,2,0,7000,0,2,D2,29
899,dpt,3,3962,2,0,7000,0,2,D2,14
900,dpt,10,4077,2,0,7000,0,2,D2,29
901,dpt,3,3270,2,0,7000,0,2,G2,13
902,dpt,19,3444,2,0,7000,0,2,G2,42
903,dpt,3,3612,2,0,7000,0,2,G2,13
904,dpt,47,3732,2,0,7000,0,2,G2,75
905,dpt,3,3862,2,0,7000,0,2,G2,14
906,dpt,19,4015,2,0,7000,0,2,G2,43
907,dpt,3,4161,2,0,7000,0,2,G2,13
908,dpt,19,3342,2,0,7000,0,2,G2,42
909,dpt,3,3498,2,0,7000,0,2,G2,13
910,dpt,19,3643,2,0,7000,0,2,G2,42
911,dpt,3,3792,2,0,7000,0,2,G2,13
912,dpt,19,4034,2,0,7000,0,2,G2,42
913,dpt,13,3400,2,0,7000,0,2,G2,34
914,dpt,4,3621,2,0,7000,0,2,G2,16
915,dpt,13,3825,2,0,7000,0,2,G2,34
916,dpt,9,3295,2,0,7000,0,2,G2,27
917,dpt,13,3774,2,0,7000,0,2,G2,34
918,dpt,4,4005,2,0,7000,0,2,G2,16
919,dpt,0,3448,2,0,7000,0,2,G2,1
920,dpt,38,3961,2,0,7000,0,2,G2,66
921,dpt,13,4046,2,0,7000,0,2,G2,34
922,dpt,4,3412,2,0,7000,0,2,G2,17
923,dpt,13,3593,2,0,7000,0,2,G2,34
924,dpt,38,3690,2,0,7000,0,2,G2,66
925,dpt,0,3430,2,0,7000,0,2,D2,1
926,dpt,8,3745,2,0,7000,0,2,D2,26
927,dpt,5,3399,2,0,7000,0,2,G2,18
928,dpt,8,3770,2,0,7000,0,2,G2,25
929,dpt,5,3289,2,0,7000,0,2,G2,18
930,dpt,4,3638,2,0,7000,0,2,G2,17
931,dpt,5,4059,2,0,7000,0,2,G2,18
932,dpt,0,3376,2,0,7000,0,2,G2,0
933,dpt,18,3861,2,0,7000,0,2,G2,40
934,dpt,4,3368,2,0,7000,0,2,G2,16
935,dpt,18,3630,2,0,7000,0,2,G2,40
936,dpt,0,3452,2,0,7000,0,2,D,1
937,dpt,26,3630,2,0,7000,0,2,D,52
938,dpt,0,3796,2,0,7000,0,2,D,0
939,dpt,26,4015,2,0,7000,0,2,D,52
940,dpt,1,3253,2,0,7000,0,2,G,6
941,dpt,0,3360,2,0,7000,0,2,G,0
942,dpt,11,3733,2,0,7000,0,2,G,30
943,dpt,0,4139,2,0,7000,0,2,G,0
944,dpt,4,3402,2,0,7000,0,2,D2,16
945,dpt,17,3477,2,0,7000,0,2,D2,39
946,dpt,6,3678,2,0,7000,0,2,D2,20
947,dpt,39,3914,2,0,7000,0,2,D2,67
948,dpt,6,4135,2,0,7000,0,2,D2,20
949,dpt,1,3297,2,0,7000,0,2,G,6
950,dpt,0,3425,2,0,7000,0,2,G,0
951,dpt,11,3823,2,0,7000,0,2,G,30
952,dpt,0,4230,2,0,7000,0,2,G,0
953,dpt,0,3275,2,0,7000,0,2,D,0
954,dpt,9,3340,2,0,7000,0,2,D,27
955,dpt,13,3832,2,0,7000,0,2,D,34
956,dpt,4,3302,2,0,7000,0,2,D2,16
957,dpt,6,3397,2,0,7000,0,2,D2,20
958,dpt,30,3846,2,0,7000,0,2,D2,58
959,dpt,6,4238,2,0,7000,0,2,D2,20
960,dpt,1,3381,2,0,7000,0,2,G,6
961,dpt,12,3551,2,0,7000,0,2,G,32
962,dpt,2,3706,2,0,7000,0,2,G,10
963,dpt,0,3816,2,0,7000,0,2,G,1
964,dpt,0,4003,2,0,7000,0,2,D,0
965,dpt,0,3323,2,0,7000,0,2,G2,0
966,dpt,25,3746,2,0,7000,0,2,G,51
967,dpt,0,3329,2,0,7000,0,2,G,1
968,dpt,3,3622,2,0,7000,0,2,G,13
969,dpt,40,3730,2,0,7000,0,2,G2,68
970,dpt,0,3448,2,0,7000,0,2,G2,0
971,dpt,5,3330,2,0,7000,0,2,D,18
972,dpt,5,3786,2,0,7000,0,2,G2,18
973,dpt,5,4215,2,0,7000,0,2,G2,19
974,dpt,2,3842,2,0,7000,0,2,D,11
975,dpt,1,3608,2,0,7000,0,2,G2,7
976,dpt,7,4022,2,0,7000,0,2,G2,22
977,dpt,27,3535,2,0,7000,0,2,D,54
978,dpt,27,3740,2,0,7000,0,2,D,53
979,dpt,1,3620,2,0,7000,0,2,D,6
980,dpt,2,3453,2,0,7000,0,2,D,11
981,dpt,0,3452,2,0,7000,0,2,G,1
982,dpt,26,3630,2,0,7000,0,2,G,52
983,dpt,0,3796,2,0,7000,0,2,G,0
984,dpt,26,4015,2,0,7000,0,2,G,52
985,dpt,1,3253,2,0,7000,0,2,D,6
986,dpt,0,3360,2,0,7000,0,2,D,0
987,dpt,11,3733,2,0,7000,0,2,D,30
988,dpt,0,4139,2,0,7000,0,2,D,0
989,dpt,4,3402,2,0,7000,0,2,G2,16
990,dpt,17,3477,2,0,7000,0,2,G2,39
991,dpt,6,3678,2,0,7000,0,2,G2,20
992,dpt,39,3914,2,0,7000,0,2,G2,67
993,dpt,6,4135,2,0,7000,0,2,G2,20
994,dpt,1,3297,2,0,7000,0,2,D,6
995,dpt,0,3425,2,0,7000,0,2,D,0
996,dpt,11,3823,2,0,7000,0,2,D,30
997,dpt,0,4230,2,0,7000,0,2,D,0
998,dpt,0,3275,2,0,7000,0,2,G,0
999,dpt,9,3340,2,0,7000,0,2,G,27
1000,dpt,13,3832,2,0,7000,0,2,G,34
1001,dpt,4,3302,2,0,7000,0,2,G2,16
1002,dpt,6,3397,2,0,7000,0,2,G2,20
1003,dpt,30,3846,2,0,7000,0,2,G2,58
1004,dpt,6,4238,2,0,7000,0,2,G2,20
1005,dpt,1,3381,2,0,7000,0,2,D,6
1006,dpt,12,3551,2,0,7000,0,2,D,32
1007,dpt,2,3706,2,0,7000,0,2,D,10
1008,dpt,0,3816,2,0,7000,0,2,D,1
1009,dpt,0,4003,2,0,7000,0,2,G,0
1010,dpt,0,3323,2,0,7000,0,2,D2,0
1011,dpt,25,3746,2,0,7000,0,2,D,51
1012,dpt,0,3329,2,0,7000,0,2,D,1
1013,dpt,3,3622,2,0,7000,0,2,D,13
1014,dpt,40,3730,2,0,7000,0,2,D2,68
1015,dpt,0,3448,2,0,7000,0,2,D2,0
1016,dpt,5,3330,2,0,7000,0,2,G,18
1017,dpt,5,3786,2,0,7000,0,2,D2,18
1018,dpt,5,4215,2,0,7000,0,2,D2,19
1019,dpt,2,3842,2,0,7000,0,2,G,11
1020,dpt,1,3608,2,0,7000,0,2,D2,7
1021,dpt,7,4022,2,0,7000,0,2,D2,22
1022,dpt,27,3535,2,0,7000,0,2,G,54
1023,dpt,27,3740,2,0,7000,0,2,G,53
1024,dpt,1,3620,2,0,7000,0,2,G,6
1025,dpt,2,3453,2,0,7000,0,2,G,11
1026,arv,14,443,0,0,7000,0,2,D,35
1027,arv,7,637,0,0,7000,0,2,D,22
1028,arv,14,846,0,0,7000,0,2,D,35
1029,arv,15,1098,0,0,7000,0,2,D,37
1030,arv,20,1339,0,0,7000,0,2,D,44
1031,arv,16,495,0,0,7000,0,2,D,38
1032,arv,9,597,0,0,7000,0,2,D,27
1033,arv,7,736,0,0,7000,0,2,D,22
1034,arv,14,911,0,0,7000,0,2,D,36
1035,arv,7,1140,0,0,7000,0,2,D,22
1036,arv,20,1387,0,0,7000,0,2,D,44
1037,arv,4,867,0,0,7000,0,2,D,16
1038,arv,22,1072,0,0,7000,0,2,D,47
1039,arv,32,1219,0,0,7000,0,2,D,60
1040,arv,0,1384,0,0,7000,0,2,D,0
1041,arv,33,370,0,0,7000,0,2,G,61
1042,arv,9,474,0,0,7000,0,2,G,27
1043,arv,5,663,0,0,7000,0,2,G,18
1044,arv,0,810,0,0,7000,0,2,G,0
1045,arv,5,946,0,0,7000,0,2,G,18
1046,arv,4,1290,0,0,7000,0,2,G,16
1047,arv,4,630,0,0,7000,0,2,G,16
1048,arv,34,716,0,0,7000,0,2,G,62
1049,arv,17,885,0,0,7000,0,2,G,39
1050,arv,34,1046,0,0,7000,0,2,G,62
1051,arv,0,1399,0,0,7000,0,2,G,0
1052,arv,10,667,0,0,7000,0,2,G,29
1053,arv,20,1057,0,0,7000,0,2,G,44
1054,arv,5,1333,0,0,7000,0,2,G,18
1055,arv,0,571,0,0,7000,0,2,G,0
1056,arv,2,689,0,0,7000,0,2,G,11
1057,arv,0,842,0,0,7000,0,2,G,0
1058,arv,23,929,0,0,7000,0,2,G,48
1059,arv,0,1002,0,0,7000,0,2,G,0
1060,arv,2,1120,0,0,7000,0,2,G,11
1061,arv,23,1219,0,0,7000,0,2,G,48
1062,arv,3,1381,0,0,7000,0,2,G,13
1063,arv,8,743,0,0,7000,0,2,D2,25
1064,arv,3,1069,0,0,7000,0,2,D2,15
1065,arv,8,1416,0,0,7000,0,2,D2,25
1066,arv,0,812,0,0,7000,0,2,D2,3
1067,arv,8,1090,0,0,7000,0,2,D2,25
1068,arv,0,1356,0,0,7000,0,2,D2,0
1069,arv,0,554,0,0,7000,0,2,G,2
1070,arv,11,989,0,0,7000,0,2,G,30
1071,arv,0,1387,0,0,7000,0,2,G,1
1072,arv,0,496,0,0,7000,0,2,G,4
1073,arv,11,892,0,0,7000,0,2,G,31
1074,arv,0,1300,0,0,7000,0,2,G,5
1075,arv,1,1402,0,0,7000,0,2,G,8
1076,arv,22,726,0,0,7000,0,2,D2,47
1077,arv,6,1033,0,0,7000,0,2,D2,20
1078,arv,20,1433,0,0,7000,0,2,D2,44
1079,arv,16,624,0,0,7000,0,2,D2,38
1080,arv,14,742,0,0,7000,0,2,D2,35
1081,arv,0,829,0,0,7000,0,2,D2,1
1082,arv,20,963,0,0,7000,0,2,D2,44
1083,arv,4,1326,0,0,7000,0,2,D2,17
1084,arv,7,469,0,0,7000,0,2,D,22
1085,arv,9,611,0,0,7000,0,2,D,28
1086,arv,21,733,0,0,7000,0,2,D,45
1087,arv,9,884,0,0,7000,0,2,D,27
1088,arv,16,1041,0,0,7000,0,2,D,38
1089,arv,9,1154,0,0,7000,0,2,D,27
1090,arv,7,1315,0,0,7000,0,2,D,22
1091,arv,12,565,0,0,7000,0,2,D,32
1092,arv,16,664,0,0,7000,0,2,D,38
1093,arv,12,762,0,0,7000,0,2,D,32
1094,arv,7,895,0,0,7000,0,2,D,22
1095,arv,0,1035,0,0,7000,0,2,D,0
1096,arv,15,465,0,0,7000,0,2,D,37
1097,arv,0,633,0,0,7000,0,2,D,0
1098,arv,15,758,0,0,7000,0,2,D,37
1099,arv,22,901,0,0,7000,0,2,D,47
1100,arv,15,1002,0,0,7000,0,2,D,37
1101,arv,22,1108,0,0,7000,0,2,D,47
1102,arv,7,1200,0,0,7000,0,2,D,23
1103,arv,0,1295,0,0,7000,0,2,D,4
1104,arv,16,1362,0,0,7000,0,2,D,38
1105,arv,0,494,0,0,7000,0,2,D,2
1106,arv,7,592,0,0,7000,0,2,D,22
1107,arv,0,712,0,0,7000,0,2,D,2
1108,arv,7,815,0,0,7000,0,2,D,22
1109,arv,0,896,0,0,7000,0,2,D,0
1110,arv,7,1011,0,0,7000,0,2,D,22
1111,arv,0,1161,0,0,7000,0,2,D,3
1112,arv,15,1290,0,0,7000,0,2,D,37
1113,arv,32,554,0,0,7000,0,2,D,60
1114,arv,14,851,0,0,7000,0,2,D,36
1115,arv,15,1057,0,0,7000,0,2,D,37
1116,arv,12,1240,0,0,7000,0,2,D,32
1117,arv,0,1291,0,0,7000,0,2,D,0
1118,arv,0,711,0,0,7000,0,2,D2,0
1119,arv,2,798,0,0,7000,0,2,D2,10
1120,arv,0,930,0,0,7000,0,2,D2,1
1121,arv,2,1032,0,0,7000,0,2,D2,11
1122,arv,24,1076,0,0,7000,0,2,D2,49
1123,arv,2,1113,0,0,7000,0,2,D2,10
1124,arv,0,1199,0,0,7000,0,2,D2,1
1125,arv,2,1287,0,0,7000,0,2,D2,10
1126,arv,24,1337,0,0,7000,0,2,D2,50
1127,arv,2,442,0,0,7000,0,2,D2,10
1128,arv,0,537,0,0,7000,0,2,D2,0
1129,arv,2,657,0,0,7000,0,2,D2,10
1130,arv,0,748,0,0,7000,0,2,D2,0
1131,arv,2,857,0,0,7000,0,2,D2,11
1132,arv,0,950,0,0,7000,0,2,D2,2
1133,arv,2,1050,0,0,7000,0,2,D2,10
1134,arv,0,1150,0,0,7000,0,2,D2,0
1135,arv,1,1271,0,0,7000,0,2,D2,7
1136,arv,9,654,0,0,7000,0,2,G,27
1137,arv,29,1025,0,0,7000,0,2,G,56
1138,arv,0,1417,0,0,7000,0,2,G,0
1139,arv,0,576,0,0,7000,0,2,G,1
1140,arv,1,768,0,0,7000,0,2,G,6
1141,arv,0,1016,0,0,7000,0,2,G,2
1142,arv,41,1178,0,0,7000,0,2,G,69
1143,arv,24,1270,0,0,7000,0,2,G,49
1144,arv,3,1395,0,0,7000,0,2,G,14
1145,arv,7,645,0,0,7000,0,2,D,23
1146,arv,12,778,0,0,7000,0,2,D,33
1147,arv,7,935,0,0,7000,0,2,D,24
1148,arv,9,1095,0,0,7000,0,2,D,27
1149,arv,16,1204,0,0,7000,0,2,D,38
1150,arv,12,1304,0,0,7000,0,2,D,32
1151,arv,21,531,0,0,7000,0,2,D,45
1152,arv,14,683,0,0,7000,0,2,D,35
1153,arv,21,825,0,0,7000,0,2,D,46
1154,arv,12,948,0,0,7000,0,2,D,32
1155,arv,0,1156,0,0,7000,0,2,D,2
1156,arv,8,791,0,0,7000,0,2,D2,25
1157,arv,0,1067,0,0,7000,0,2,D2,0
1158,arv,8,1320,0,0,7000,0,2,D2,25
1159,arv,0,755,0,0,7000,0,2,D2,1
1160,arv,8,1019,0,0,7000,0,2,D2,25
1161,arv,1,1374,0,0,7000,0,2,D2,7
1162,arv,7,695,0,0,7000,0,2,D,22
1163,arv,0,778,0,0,7000,0,2,D,0
1164,arv,30,1356,0,0,7000,0,2,D,58
1165,arv,9,992,0,0,7000,0,2,D,27
1166,arv,0,1087,0,0,7000,0,2,D,2
1167,arv,0,618,0,0,7000,0,2,G2,1
1168,arv,2,704,0,0,7000,0,2,G2,10
1169,arv,0,786,0,0,7000,0,2,G2,1
1170,arv,2,893,0,0,7000,0,2,G2,10
1171,arv,0,1008,0,0,7000,0,2,G2,1
1172,arv,35,1053,0,0,7000,0,2,G2,63
1173,arv,0,1113,0,0,7000,0,2,G2,0
1174,arv,2,1203,0,0,7000,0,2,G2,11
1175,arv,0,1291,0,0,7000,0,2,G2,3
1176,arv,1,1392,0,0,7000,0,2,G2,6
1177,arv,0,798,0,0,7000,0,2,G,2
1178,arv,25,1314,0,0,7000,0,2,G,51
1179,arv,0,940,0,0,7000,0,2,G,0
1180,arv,11,1359,0,0,7000,0,2,G,30
1181,arv,23,420,0,0,7000,0,2,G2,48
1182,arv,2,498,0,0,7000,0,2,G2,10
1183,arv,0,658,0,0,7000,0,2,G2,1
1184,arv,2,740,0,0,7000,0,2,G2,10
1185,arv,0,850,0,0,7000,0,2,G2,2
1186,arv,2,941,0,0,7000,0,2,G2,11
1187,arv,0,1080,0,0,7000,0,2,G2,1
1188,arv,2,1165,0,0,7000,0,2,G2,10
1189,arv,0,1313,0,0,7000,0,2,G2,0
1190,arv,2,567,0,0,7000,0,2,G2,11
1191,arv,0,696,0,0,7000,0,2,G2,1
1192,arv,2,812,0,0,7000,0,2,G2,12
1193,arv,0,902,0,0,7000,0,2,G2,1
1194,arv,2,1020,0,0,7000,0,2,G2,10
1195,arv,0,1139,0,0,7000,0,2,G2,1
1196,arv,1,1259,0,0,7000,0,2,G2,6
1197,arv,17,615,0,0,7000,0,2,D2,39
1198,arv,6,812,0,0,7000,0,2,D2,20
1199,arv,4,938,0,0,7000,0,2,D2,16
1200,arv,6,1072,0,0,7000,0,2,D2,20
1201,arv,1,1325,0,0,7000,0,2,D2,7
1202,arv,8,762,0,0,7000,0,2,D2,26
1203,arv,0,1019,0,0,7000,0,2,D2,3
1204,arv,8,1274,0,0,7000,0,2,D2,25
1205,arv,0,679,0,0,7000,0,2,D2,0
1206,arv,8,953,0,0,7000,0,2,D2,25
1207,arv,4,1419,0,0,7000,0,2,D2,16
1208,arv,11,876,0,0,7000,0,2,G,30
1209,arv,0,1283,0,0,7000,0,2,G,1
1210,arv,1,1383,0,0,7000,0,2,G,9
1211,arv,11,765,0,0,7000,0,2,G,30
1212,arv,0,1180,0,0,7000,0,2,G,0
1213,arv,1,1309,0,0,7000,0,2,G,7
1214,arv,28,486,0,0,7000,0,2,G2,55
1215,arv,1,631,0,0,7000,0,2,G2,7
1216,arv,21,807,0,0,7000,0,2,G2,45
1217,arv,1,962,0,0,7000,0,2,G2,7
1218,arv,28,1025,0,0,7000,0,2,G2,55
1219,arv,1,1174,0,0,7000,0,2,G2,7
1220,arv,5,1235,0,0,7000,0,2,G2,19
1221,arv,1,1320,0,0,7000,0,2,G2,6
1222,arv,28,1397,0,0,7000,0,2,G2,55
1223,arv,1,473,0,0,7000,0,2,G2,7
1224,arv,31,603,0,0,7000,0,2,G2,59
1225,arv,1,726,0,0,7000,0,2,G2,6
1226,arv,5,787,0,0,7000,0,2,G2,18
1227,arv,1,854,0,0,7000,0,2,G2,8
1228,arv,5,955,0,0,7000,0,2,G2,19
1229,arv,1,1016,0,0,7000,0,2,G2,6
1230,arv,31,1156,0,0,7000,0,2,G2,59
1231,arv,1,1289,0,0,7000,0,2,G2,6
1232,arv,5,1348,0,0,7000,0,2,G2,18
1233,arv,1,1402,0,0,7000,0,2,G2,9
1234,arv,36,807,0,0,7000,0,2,G,64
1235,arv,3,1134,0,0,7000,0,2,G,13
1236,arv,10,1255,0,0,7000,0,2,G,29
1237,arv,3,650,0,0,7000,0,2,G,14
1238,arv,36,990,0,0,7000,0,2,G,64
1239,arv,3,1330,0,0,7000,0,2,G,13
1240,arv,18,979,0,0,7000,0,2,D2,41
1241,arv,37,1400,0,0,7000,0,2,D2,65
1242,arv,18,834,0,0,7000,0,2,D2,40
1243,arv,1,1371,0,0,7000,0,2,D2,6
1244,arv,24,471,0,0,7000,0,2,D2,49
1245,arv,18,1032,0,0,7000,0,2,D2,40
1246,arv,4,1379,0,0,7000,0,2,D2,16
1247,arv,3,1046,0,0,7000,0,2,D,13
1248,arv,43,1131,0,0,7000,0,2,D,71
1249,arv,44,1281,0,0,7000,0,2,D,72
1250,arv,3,540,0,0,7000,0,2,D,13
1251,arv,42,1176,0,0,7000,0,2,D,70
1252,arv,33,489,0,0,7000,0,2,G2,61
1253,arv,45,683,0,0,7000,0,2,G2,73
1254,arv,7,910,0,0,7000,0,2,G2,23
1255,arv,2,1170,0,0,7000,0,2,G2,12
1256,arv,0,1360,0,0,7000,0,2,G2,1
1257,arv,12,492,0,0,7000,0,2,G2,32
1258,arv,1,646,0,0,7000,0,2,G2,6
1259,arv,46,733,0,0,7000,0,2,G2,74
1260,arv,1,846,0,0,7000,0,2,G2,6
1261,arv,14,1042,0,0,7000,0,2,G2,35
1262,arv,1,1214,0,0,7000,0,2,G2,6
1263,arv,1,687,0,0,7000,0,2,D,7
1264,arv,5,756,0,0,7000,0,2,D,18
1265,arv,1,823,0,0,7000,0,2,D,7
1266,arv,31,1001,0,0,7000,0,2,D,59
1267,arv,1,1146,0,0,7000,0,2,D,6
1268,arv,28,1263,0,0,7000,0,2,D,55
1269,arv,23,751,0,0,7000,0,2,G,48
1270,arv,29,1092,0,0,7000,0,2,G,57
1271,arv,1,1392,0,0,7000,0,2,G,7
1272,arv,6,726,0,0,7000,0,2,G,21
1273,arv,29,962,0,0,7000,0,2,G,56
1274,arv,6,1167,0,0,7000,0,2,G,20
1275,arv,4,1274,0,0,7000,0,2,G,16
1276,arv,6,708,0,0,7000,0,2,D2,20
1277,arv,4,820,0,0,7000,0,2,D2,16
1278,arv,6,941,0,0,7000,0,2,D2,20
1279,arv,17,1120,0,0,7000,0,2,D2,39
1280,arv,4,1226,0,0,7000,0,2,D2,17
1281,arv,37,1318,0,0,7000,0,2,D2,65
1282,arv,6,672,0,0,7000,0,2,D2,20
1283,arv,1,946,0,0,7000,0,2,D2,6
1284,arv,6,1196,0,0,7000,0,2,D2,20
1285,arv,4,1298,0,0,7000,0,2,D2,17
1286,arv,25,842,0,0,7000,0,2,G,51
1287,arv,1,1377,0,0,7000,0,2,G,8
1288,arv,10,631,0,0,7000,0,2,D2,29
1289,arv,3,727,0,0,7000,0,2,D2,14
1290,arv,10,835,0,0,7000,0,2,D2,29
1291,arv,3,951,0,0,7000,0,2,D2,13
1292,arv,10,1066,0,0,7000,0,2,D2,29
1293,arv,3,1175,0,0,7000,0,2,D2,13
1294,arv,10,1328,0,0,7000,0,2,D2,29
1295,arv,10,510,0,0,7000,0,2,D2,29
1296,arv,3,626,0,0,7000,0,2,D2,13
1297,arv,10,746,0,0,7000,0,2,D2,29
1298,arv,3,864,0,0,7000,0,2,D2,13
1299,arv,10,966,0,0,7000,0,2,D2,29
1300,arv,3,1062,0,0,7000,0,2,D2,14
1301,arv,10,1164,0,0,7000,0,2,D2,29
1302,arv,3,1279,0,0,7000,0,2,D2,14
1303,arv,19,539,0,0,7000,0,2,G2,42
1304,arv,3,711,0,0,7000,0,2,G2,13
1305,arv,47,825,0,0,7000,0,2,G2,75
1306,arv,3,957,0,0,7000,0,2,G2,14
1307,arv,19,1111,0,0,7000,0,2,G2,43
1308,arv,3,1257,0,0,7000,0,2,G2,13
1309,arv,19,1409,0,0,7000,0,2,G2,42
1310,arv,3,598,0,0,7000,0,2,G2,13
1311,arv,19,737,0,0,7000,0,2,G2,42
1312,arv,3,892,0,0,7000,0,2,G2,13
1313,arv,19,1052,0,0,7000,0,2,G2,42
1314,arv,3,1287,0,0,7000,0,2,G2,13
1315,arv,4,693,0,0,7000,0,2,G2,16
1316,arv,13,913,0,0,7000,0,2,G2,34
1317,arv,9,1370,0,0,7000,0,2,G2,27
1318,arv,13,864,0,0,7000,0,2,G2,34
1319,arv,4,1076,0,0,7000,0,2,G2,16
1320,arv,13,1287,0,0,7000,0,2,G2,34
1321,arv,38,1036,0,0,7000,0,2,G2,66
1322,arv,13,1147,0,0,7000,0,2,G2,34
1323,arv,4,1316,0,0,7000,0,2,G2,16
1324,arv,13,695,0,0,7000,0,2,G2,34
1325,arv,38,779,0,0,7000,0,2,G2,66
1326,arv,0,1276,0,0,7000,0,2,G2,0
1327,arv,8,813,0,0,7000,0,2,D2,26
1328,arv,0,1098,0,0,7000,0,2,D2,0
1329,arv,8,861,0,0,7000,0,2,G2,25
1330,arv,5,1221,0,0,7000,0,2,G2,18
1331,arv,4,713,0,0,7000,0,2,G2,17
1332,arv,5,1092,0,0,7000,0,2,G2,18
1333,arv,0,1289,0,0,7000,0,2,G2,2
1334,arv,18,960,0,0,7000,0,2,G2,40
1335,arv,4,1219,0,0,7000,0,2,G2,16
1336,arv,18,725,0,0,7000,0,2,G2,40
1337,arv,0,1252,0,0,7000,0,2,G2,0
1338,arv,14,1883,1,0,7000,0,2,D,35
1339,arv,7,2077,1,0,7000,0,2,D,22
1340,arv,14,2286,1,0,7000,0,2,D,35
1341,arv,15,2538,1,0,7000,0,2,D,37
1342,arv,20,2779,1,0,7000,0,2,D,44
1343,arv,16,1935,1,0,7000,0,2,D,38
1344,arv,9,2037,1,0,7000,0,2,D,27
1345,arv,7,2176,1,0,7000,0,2,D,22
1346,arv,14,2351,1,0,7000,0,2,D,36
1347,arv,7,2580,1,0,7000,0,2,D,22
1348,arv,20,2827,1,0,7000,0,2,D,44
1349,arv,4,2307,1,0,7000,0,2,D,16
1350,arv,22,2512,1,0,7000,0,2,D,47
1351,arv,32,2659,1,0,7000,0,2,D,60
1352,arv,0,2824,1,0,7000,0,2,D,0
1353,arv,33,1810,1,0,7000,0,2,G,61
1354,arv,9,1914,1,0,7000,0,2,G,27
1355,arv,5,2103,1,0,7000,0,2,G,18
1356,arv,0,2250,1,0,7000,0,2,G,0
1357,arv,5,2386,1,0,7000,0,2,G,18
1358,arv,4,2730,1,0,7000,0,2,G,16
1359,arv,4,2070,1,0,7000,0,2,G,16
1360,arv,34,2156,1,0,7000,0,2,G,62
1361,arv,17,2325,1,0,7000,0,2,G,39
1362,arv,34,2486,1,0,7000,0,2,G,62
1363,arv,0,2839,1,0,7000,0,2,G,0
1364,arv,10,2107,1,0,7000,0,2,G,29
1365,arv,20,2497,1,0,7000,0,2,G,44
1366,arv,5,2773,1,0,7000,0,2,G,18
1367,arv,0,2011,1,0,7000,0,2,G,0
1368,arv,2,2129,1,0,7000,0,2,G,11
1369,arv,0,2282,1,0,7000,0,2,G,0
1370,arv,23,2369,1,0,7000,0,2,G,48
1371,arv,0,2442,1,0,7000,0,2,G,0
1372,arv,2,2560,1,0,7000,0,2,G,11
1373,arv,23,2659,1,0,7000,0,2,G,48
1374,arv,3,2821,1,0,7000,0,2,G,13
1375,arv,8,2183,1,0,7000,0,2,D2,25
1376,arv,3,2509,1,0,7000,0,2,D2,15
1377,arv,8,2856,1,0,7000,0,2,D2,25
1378,arv,0,2252,1,0,7000,0,2,D2,3
1379,arv,8,2530,1,0,7000,0,2,D2,25
1380,arv,0,2796,1,0,7000,0,2,D2,0
1381,arv,0,1994,1,0,7000,0,2,G,2
1382,arv,11,2429,1,0,7000,0,2,G,30
1383,arv,0,2827,1,0,7000,0,2,G,1
1384,arv,0,1936,1,0,7000,0,2,G,4
1385,arv,11,2332,1,0,7000,0,2,G,31
1386,arv,0,2740,1,0,7000,0,2,G,5
1387,arv,1,2842,1,0,7000,0,2,G,8
1388,arv,22,2166,1,0,7000,0,2,D2,47
1389,arv,6,2473,1,0,7000,0,2,D2,20
1390,arv,20,2873,1,0,7000,0,2,D2,44
1391,arv,16,2064,1,0,7000,0,2,D2,38
1392,arv,14,2182,1,0,7000,0,2,D2,35
1393,arv,0,2269,1,0,7000,0,2,D2,1
1394,arv,20,2403,1,0,7000,0,2,D2,44
1395,arv,4,2766,1,0,7000,0,2,D2,17
1396,arv,7,1909,1,0,7000,0,2,D,22
1397,arv,9,2051,1,0,7000,0,2,D,28
1398,arv,21,2173,1,0,7000,0,2,D,45
1399,arv,9,2324,1,0,7000,0,2,D,27
1400,arv,16,2481,1,0,7000,0,2,D,38
1401,arv,9,2594,1,0,7000,0,2,D,27
1402,arv,7,2755,1,0,7000,0,2,D,22
1403,arv,12,2005,1,0,7000,0,2,D,32
1404,arv,16,2104,1,0,7000,0,2,D,38
1405,arv,12,2202,1,0,7000,0,2,D,32
1406,arv,7,2335,1,0,7000,0,2,D,22
1407,arv,0,2475,1,0,7000,0,2,D,0
1408,arv,15,1905,1,0,7000,0,2,D,37
1409,arv,0,2073,1,0,7000,0,2,D,0
1410,arv,15,2198,1,0,7000,0,2,D,37
1411,arv,22,2341,1,0,7000,0,2,D,47
1412,arv,15,2442,1,0,7000,0,2,D,37
1413,arv,22,2548,1,0,7000,0,2,D,47
1414,arv,7,2640,1,0,7000,0,2,D,23
1415,arv,0,2735,1,0,7000,0,2,D,4
1416,arv,16,2802,1,0,7000,0,2,D,38
1417,arv,0,1934,1,0,7000,0,2,D,2
1418,arv,7,2032,1,0,7000,0,2,D,22
1419,arv,0,2152,1,0,7000,0,2,D,2
1420,arv,7,2255,1,0,7000,0,2,D,22
1421,arv,0,2336,1,0,7000,0,2,D,0
1422,arv,7,2451,1,0,7000,0,2,D,22
1423,arv,0,2601,1,0,7000,0,2,D,3
1424,arv,15,2730,1,0,7000,0,2,D,37
1425,arv,32,1994,1,0,7000,0,2,D,60
1426,arv,14,2291,1,0,7000,0,2,D,36
1427,arv,15,2497,1,0,7000,0,2,D,37
1428,arv,12,2680,1,0,7000,0,2,D,32
1429,arv,0,2731,1,0,7000,0,2,D,0
1430,arv,0,2151,1,0,7000,0,2,D2,0
1431,arv,2,2238,1,0,7000,0,2,D2,10
1432,arv,0,2370,1,0,7000,0,2,D2,1
1433,arv,2,2472,1,0,7000,0,2,D2,11
1434,arv,24,2516,1,0,7000,0,2,D2,49
1435,arv,2,2553,1,0,7000,0,2,D2,10
1436,arv,0,2639,1,0,7000,0,2,D2,1
1437,arv,2,2727,1,0,7000,0,2,D2,10
1438,arv,24,2777,1,0,7000,0,2,D2,50
1439,arv,2,1882,1,0,7000,0,2,D2,10
1440,arv,0,1977,1,0,7000,0,2,D2,0
1441,arv,2,2097,1,0,7000,0,2,D2,10
1442,arv,0,2188,1,0,7000,0,2,D2,0
1443,arv,2,2297,1,0,7000,0,2,D2,11
1444,arv,0,2390,1,0,7000,0,2,D2,2
1445,arv,2,2490,1,0,7000,0,2,D2,10
1446,arv,0,2590,1,0,7000,0,2,D2,0
1447,arv,1,2711,1,0,7000,0,2,D2,7
1448,arv,9,2094,1,0,7000,0,2,G,27
1449,arv,29,2465,1,0,7000,0,2,G,56
1450,arv,0,2857,1,0,7000,0,2,G,0
1451,arv,0,2016,1,0,7000,0,2,G,1
1452,arv,1,2208,1,0,7000,0,2,G,6
1453,arv,0,2456,1,0,7000,0,2,G,2
1454,arv,41,2618,1,0,7000,0,2,G,69
1455,arv,24,2710,1,0,7000,0,2,G,49
1456,arv,3,2835,1,0,7000,0,2,G,14
1457,arv,7,2085,1,0,7000,0,2,D,23
1458,arv,12,2218,1,0,7000,0,2,D,33
1459,arv,7,2375,1,0,7000,0,2,D,24
1460,arv,9,2535,1,0,7000,0,2,D,27
1461,arv,16,2644,1,0,7000,0,2,D,38
1462,arv,12,2744,1,0,7000,0,2,D,32
1463,arv,21,1971,1,0,7000,0,2,D,45
1464,arv,14,2123,1,0,7000,0,2,D,35
1465,arv,21,2265,1,0,7000,0,2,D,46
1466,arv,12,2388,1,0,7000,0,2,D,32
1467,arv,0,2596,1,0,7000,0,2,D,2
1468,arv,8,2231,1,0,7000,0,2,D2,25
1469,arv,0,2507,1,0,7000,0,2,D2,0
1470,arv,8,2760,1,0,7000,0,2,D2,25
1471,arv,0,2195,1,0,7000,0,2,D2,1
1472,arv,8,2459,1,0,7000,0,2,D2,25
1473,arv,1,2814,1,0,7000,0,2,D2,7
1474,arv,7,2135,1,0,7000,0,2,D,22
1475,arv,0,2218,1,0,7000,0,2,D,0
1476,arv,30,2796,1,0,7000,0,2,D,58
1477,arv,9,2432,1,0,7000,0,2,D,27
1478,arv,0,2527,1,0,7000,0,2,D,2
1479,arv,0,2058,1,0,7000,0,2,G2,1
1480,arv,2,2144,1,0,7000,0,2,G2,10
1481,arv,0,2226,1,0,7000,0,2,G2,1
1482,arv,2,2333,1,0,7000,0,2,G2,10
1483,arv,0,2448,1,0,7000,0,2,G2,1
1484,arv,35,2493,1,0,7000,0,2,G2,63
1485,arv,0,2553,1,0,7000,0,2,G2,0
1486,arv,2,2643,1,0,7000,0,2,G2,11
1487,arv,0,2731,1,0,7000,0,2,G2,3
1488,arv,1,2832,1,0,7000,0,2,G2,6
1489,arv,0,2238,1,0,7000,0,2,G,2
1490,arv,25,2754,1,0,7000,0,2,G,51
1491,arv,0,2380,1,0,7000,0,2,G,0
1492,arv,11,2799,1,0,7000,0,2,G,30
1493,arv,23,1860,1,0,7000,0,2,G2,48
1494,arv,2,1938,1,0,7000,0,2,G2,10
1495,arv,0,2098,1,0,7000,0,2,G2,1
1496,arv,2,2180,1,0,7000,0,2,G2,10
1497,arv,0,2290,1,0,7000,0,2,G2,2
1498,arv,2,2381,1,0,7000,0,2,G2,11
1499,arv,0,2520,1,0,7000,0,2,G2,1
1500,arv,2,2605,1,0,7000,0,2,G2,10
1501,arv,0,2753,1,0,7000,0,2,G2,0
1502,arv,2,2007,1,0,7000,0,2,G2,11
1503,arv,0,2136,1,0,7000,0,2,G2,1
1504,arv,2,2252,1,0,7000,0,2,G2,12
1505,arv,0,2342,1,0,7000,0,2,G2,1
1506,arv,2,2460,1,0,7000,0,2,G2,10
1507,arv,0,2579,1,0,7000,0,2,G2,1
1508,arv,1,2699,1,0,7000,0,2,G2,6
1509,arv,17,2055,1,0,7000,0,2,D2,39
1510,arv,6,2252,1,0,7000,0,2,D2,20
1511,arv,4,2378,1,0,7000,0,2,D2,16
1512,arv,6,2512,1,0,7000,0,2,D2,20
1513,arv,1,2765,1,0,7000,0,2,D2,7
1514,arv,8,2202,1,0,7000,0,2,D2,26
1515,arv,0,2459,1,0,7000,0,2,D2,3
1516,arv,8,2714,1,0,7000,0,2,D2,25
1517,arv,0,2119,1,0,7000,0,2,D2,0
1518,arv,8,2393,1,0,7000,0,2,D2,25
1519,arv,4,2859,1,0,7000,0,2,D2,16
1520,arv,11,2316,1,0,7000,0,2,G,30
1521,arv,0,2723,1,0,7000,0,2,G,1
1522,arv,1,2823,1,0,7000,0,2,G,9
1523,arv,11,2205,1,0,7000,0,2,G,30
1524,arv,0,2620,1,0,7000,0,2,G,0
1525,arv,1,2749,1,0,7000,0,2,G,7
1526,arv,28,1926,1,0,7000,0,2,G2,55
1527,arv,1,2071,1,0,7000,0,2,G2,7
1528,arv,21,2247,1,0,7000,0,2,G2,45
1529,arv,1,2402,1,0,7000,0,2,G2,7
1530,arv,28,2465,1,0,7000,0,2,G2,55
1531,arv,1,2614,1,0,7000,0,2,G2,7
1532,arv,5,2675,1,0,7000,0,2,G2,19
1533,arv,1,2760,1,0,7000,0,2,G2,6
1534,arv,28,2837,1,0,7000,0,2,G2,55
1535,arv,1,1913,1,0,7000,0,2,G2,7
1536,arv,31,2043,1,0,7000,0,2,G2,59
1537,arv,1,2166,1,0,7000,0,2,G2,6
1538,arv,5,2227,1,0,7000,0,2,G2,18
1539,arv,1,2294,1,0,7000,0,2,G2,8
1540,arv,5,2395,1,0,7000,0,2,G2,19
1541,arv,1,2456,1,0,7000,0,2,G2,6
1542,arv,31,2596,1,0,7000,0,2,G2,59
1543,arv,1,2729,1,0,7000,0,2,G2,6
1544,arv,5,2788,1,0,7000,0,2,G2,18
1545,arv,1,2842,1,0,7000,0,2,G2,9
1546,arv,36,2247,1,0,7000,0,2,G,64
1547,arv,3,2574,1,0,7000,0,2,G,13
1548,arv,10,2695,1,0,7000,0,2,G,29
1549,arv,3,2090,1,0,7000,0,2,G,14
1550,arv,36,2430,1,0,7000,0,2,G,64
1551,arv,3,2770,1,0,7000,0,2,G,13
1552,arv,18,2419,1,0,7000,0,2,D2,41
1553,arv,37,2840,1,0,7000,0,2,D2,65
1554,arv,18,2274,1,0,7000,0,2,D2,40
1555,arv,1,2811,1,0,7000,0,2,D2,6
1556,arv,24,1911,1,0,7000,0,2,D2,49
1557,arv,18,2472,1,0,7000,0,2,D2,40
1558,arv,4,2819,1,0,7000,0,2,D2,16
1559,arv,3,2486,1,0,7000,0,2,D,13
1560,arv,43,2571,1,0,7000,0,2,D,71
1561,arv,44,2721,1,0,7000,0,2,D,72
1562,arv,3,1980,1,0,7000,0,2,D,13
1563,arv,42,2616,1,0,7000,0,2,D,70
1564,arv,33,1929,1,0,7000,0,2,G2,61
1565,arv,45,2123,1,0,7000,0,2,G2,73
1566,arv,7,2350,1,0,7000,0,2,G2,23
1567,arv,2,2610,1,0,7000,0,2,G2,12
1568,arv,0,2800,1,0,7000,0,2,G2,1
1569,arv,12,1932,1,0,7000,0,2,G2,32
1570,arv,1,2086,1,0,7000,0,2,G2,6
1571,arv,46,2173,1,0,7000,0,2,G2,74
1572,arv,1,2286,1,0,7000,0,2,G2,6
1573,arv,14,2482,1,0,7000,0,2,G2,35
1574,arv,1,2654,1,0,7000,0,2,G2,6
1575,arv,1,2127,1,0,7000,0,2,D,7
1576,arv,5,2196,1,0,7000,0,2,D,18
1577,arv,1,2263,1,0,7000,0,2,D,7
1578,arv,31,2441,1,0,7000,0,2,D,59
1579,arv,1,2586,1,0,7000,0,2,D,6
1580,arv,28,2703,1,0,7000,0,2,D,55
1581,arv,23,2191,1,0,7000,0,2,G,48
1582,arv,29,2532,1,0,7000,0,2,G,57
1583,arv,1,2832,1,0,7000,0,2,G,7
1584,arv,6,2166,1,0,7000,0,2,G,21
1585,arv,29,2402,1,0,7000,0,2,G,56
1586,arv,6,2607,1,0,7000,0,2,G,20
1587,arv,4,2714,1,0,7000,0,2,G,16
1588,arv,6,2148,1,0,7000,0,2,D2,20
1589,arv,4,2260,1,0,7000,0,2,D2,16
1590,arv,6,2381,1,0,7000,0,2,D2,20
1591,arv,17,2560,1,0,7000,0,2,D2,39
1592,arv,4,2666,1,0,7000,0,2,D2,17
1593,arv,37,2758,1,0,7000,0,2,D2,65
1594,arv,6,2112,1,0,7000,0,2,D2,20
1595,arv,1,2386,1,0,7000,0,2,D2,6
1596,arv,6,2636,1,0,7000,0,2,D2,20
1597,arv,4,2738,1,0,7000,0,2,D2,17
1598,arv,25,2282,1,0,7000,0,2,G,51
1599,arv,1,2817,1,0,7000,0,2,G,8
1600,arv,10,2071,1,0,7000,0,2,D2,29
1601,arv,3,2167,1,0,7000,0,2,D2,14
1602,arv,10,2275,1,0,7000,0,2,D2,29
1603,arv,3,2391,1,0,7000,0,2,D2,13
1604,arv,10,2506,1,0,7000,0,2,D2,29
1605,arv,3,2615,1,0,7000,0,2,D2,13
1606,arv,10,2768,1,0,7000,0,2,D2,29
1607,arv,10,1950,1,0,7000,0,2,D2,29
1608,arv,3,2066,1,0,7000,0,2,D2,13
1609,arv,10,2186,1,0,7000,0,2,D2,29
1610,arv,3,2304,1,0,7000,0,2,D2,13
1611,arv,10,2406,1,0,7000,0,2,D2,29
1612,arv,3,2502,1,0,7000,0,2,D2,14
1613,arv,10,2604,1,0,7000,0,2,D2,29
1614,arv,3,2719,1,0,7000,0,2,D2,14
1615,arv,19,1979,1,0,7000,0,2,G2,42
1616,arv,3,2151,1,0,7000,0,2,G2,13
1617,arv,47,2265,1,0,7000,0,2,G2,75
1618,arv,3,2397,1,0,7000,0,2,G2,14
1619,arv,19,2551,1,0,7000,0,2,G2,43
1620,arv,3,2697,1,0,7000,0,2,G2,13
1621,arv,19,2849,1,0,7000,0,2,G2,42
1622,arv,3,2038,1,0,7000,0,2,G2,13
1623,arv,19,2177,1,0,7000,0,2,G2,42
1624,arv,3,2332,1,0,7000,0,2,G2,13
1625,arv,19,2492,1,0,7000,0,2,G2,42
1626,arv,3,2727,1,0,7000,0,2,G2,13
1627,arv,4,2133,1,0,7000,0,2,G2,16
1628,arv,13,2353,1,0,7000,0,2,G2,34
1629,arv,9,2810,1,0,7000,0,2,G2,27
1630,arv,13,2304,1,0,7000,0,2,G2,34
1631,arv,4,2516,1,0,7000,0,2,G2,16
1632,arv,13,2727,1,0,7000,0,2,G2,34
1633,arv,38,2476,1,0,7000,0,2,G2,66
1634,arv,13,2587,1,0,7000,0,2,G2,34
1635,arv,4,2756,1,0,7000,0,2,G2,16
1636,arv,13,2135,1,0,7000,0,2,G2,34
1637,arv,38,2219,1,0,7000,0,2,G2,66
1638,arv,0,2716,1,0,7000,0,2,G2,0
1639,arv,8,2253,1,0,7000,0,2,D2,26
1640,arv,0,2538,1,0,7000,0,2,D2,0
1641,arv,8,2301,1,0,7000,0,2,G2,25
1642,arv,5,2661,1,0,7000,0,2,G2,18
1643,arv,4,2153,1,0,7000,0,2,G2,17
1644,arv,5,2532,1,0,7000,0,2,G2,18
1645,arv,0,2729,1,0,7000,0,2,G2,2
1646,arv,18,2400,1,0,7000,0,2,G2,40
1647,arv,4,2659,1,0,7000,0,2,G2,16
1648,arv,18,2165,1,0,7000,0,2,G2,40
1649,arv,0,2692,1,0,7000,0,2,G2,0
1650,arv,14,3323,2,0,7000,0,2,D,35
1651,arv,7,3517,2,0,7000,0,2,D,22
1652,arv,14,3726,2,0,7000,0,2,D,35
1653,arv,15,3978,2,0,7000,0,2,D,37
1654,arv,20,4219,2,0,7000,0,2,D,44
1655,arv,16,3375,2,0,7000,0,2,D,38
1656,arv,9,3477,2,0,7000,0,2,D,27
1657,arv,7,3616,2,0,7000,0,2,D,22
1658,arv,14,3791,2,0,7000,0,2,D,36
1659,arv,7,4020,2,0,7000,0,2,D,22
1660,arv,20,4267,2,0,7000,0,2,D,44
1661,arv,4,3747,2,0,7000,0,2,D,16
1662,arv,22,3952,2,0,7000,0,2,D,47
1663,arv,32,4099,2,0,7000,0,2,D,60
1664,arv,0,4264,2,0,7000,0,2,D,0
1665,arv,33,3250,2,0,7000,0,2,G,61
1666,arv,9,3354,2,0,7000,0,2,G,27
1667,arv,5,3543,2,0,7000,0,2,G,18
1668,arv,0,3690,2,0,7000,0,2,G,0
1669,arv,5,3826,2,0,7000,0,2,G,18
1670,arv,4,4170,2,0,7000,0,2,G,16
1671,arv,4,3510,2,0,7000,0,2,G,16
1672,arv,34,3596,2,0,7000,0,2,G,62
1673,arv,17,3765,2,0,7000,0,2,G,39
1674,arv,34,3926,2,0,7000,0,2,G,62
1675,arv,0,4279,2,0,7000,0,2,G,0
1676,arv,10,3547,2,0,7000,0,2,G,29
1677,arv,20,3937,2,0,7000,0,2,G,44
1678,arv,5,4213,2,0,7000,0,2,G,18
1679,arv,0,3451,2,0,7000,0,2,G,0
1680,arv,2,3569,2,0,7000,0,2,G,11
1681,arv,0,3722,2,0,7000,0,2,G,0
1682,arv,23,3809,2,0,7000,0,2,G,48
1683,arv,0,3882,2,0,7000,0,2,G,0
1684,arv,2,4000,2,0,7000,0,2,G,11
1685,arv,23,4099,2,0,7000,0,2,G,48
1686,arv,3,4261,2,0,7000,0,2,G,13
1687,arv,8,3623,2,0,7000,0,2,D2,25
1688,arv,3,3949,2,0,7000,0,2,D2,15
1689,arv,8,4296,2,0,7000,0,2,D2,25
1690,arv,0,3692,2,0,7000,0,2,D2,3
1691,arv,8,3970,2,0,7000,0,2,D2,25
1692,arv,0,4236,2,0,7000,0,2,D2,0
1693,arv,0,3434,2,0,7000,0,2,G,2
1694,arv,11,3869,2,0,7000,0,2,G,30
1695,arv,0,4267,2,0,7000,0,2,G,1
1696,arv,0,3376,2,0,7000,0,2,G,4
1697,arv,11,3772,2,0,7000,0,2,G,31
1698,arv,0,4180,2,0,7000,0,2,G,5
1699,arv,1,4282,2,0,7000,0,2,G,8
1700,arv,22,3606,2,0,7000,0,2,D2,47
1701,arv,6,3913,2,0,7000,0,2,D2,20
1702,arv,20,4313,2,0,7000,0,2,D2,44
1703,arv,16,3504,2,0,7000,0,2,D2,38
1704,arv,14,3622,2,0,7000,0,2,D2,35
1705,arv,0,3709,2,0,7000,0,2,D2,1
1706,arv,20,3843,2,0,7000,0,2,D2,44
1707,arv,4,4206,2,0,7000,0,2,D2,17
1708,arv,7,3349,2,0,7000,0,2,D,22
1709,arv,9,3491,2,0,7000,0,2,D,28
1710,arv,21,3613,2,0,7000,0,2,D,45
1711,arv,9,3764,2,0,7000,0,2,D,27
1712,arv,16,3921,2,0,7000,0,2,D,38
1713,arv,9,4034,2,0,7000,0,2,D,27
1714,arv,7,4195,2,0,7000,0,2,D,22
1715,arv,12,3445,2,0,7000,0,2,D,32
1716,arv,16,3544,2,0,7000,0,2,D,38
1717,arv,12,3642,2,0,7000,0,2,D,32
1718,arv,7,3775,2,0,7000,0,2,D,22
1719,arv,0,3915,2,0,7000,0,2,D,0
1720,arv,15,3345,2,0,7000,0,2,D,37
1721,arv,0,3513,2,0,7000,0,2,D,0
1722,arv,15,3638,2,0,7000,0,2,D,37
1723,arv,22,3781,2,0,7000,0,2,D,47
1724,arv,15,3882,2,0,7000,0,2,D,37
1725,arv,22,3988,2,0,7000,0,2,D,47
1726,arv,7,4080,2,0,7000,0,2,D,23
1727,arv,0,4175,2,0,7000,0,2,D,4
1728,arv,16,4242,2,0,7000,0,2,D,38
1729,arv,0,3374,2,0,7000,0,2,D,2
1730,arv,7,3472,2,0,7000,0,2,D,22
1731,arv,0,3592,2,0,7000,0,2,D,2
1732,arv,7,3695,2,0,7000,0,2,D,22
1733,arv,0,3776,2,0,7000,0,2,D,0
1734,arv,7,3891,2,0,7000,0,2,D,22
1735,arv,0,4041,2,0,7000,0,2,D,3
1736,arv,15,4170,2,0,7000,0,2,D,37
1737,arv,32,3434,2,0,7000,0,2,D,60
1738,arv,14,3731,2,0,7000,0,2,D,36
1739,arv,15,3937,2,0,7000,0,2,D,37
1740,arv,12,4120,2,0,7000,0,2,D,32
1741,arv,0,4171,2,0,7000,0,2,D,0
1742,arv,0,3591,2,0,7000,0,2,D2,0
1743,arv,2,3678,2,0,7000,0,2,D2,10
1744,arv,0,3810,2,0,7000,0,2,D2,1
1745,arv,2,3912,2,0,7000,0,2,D2,11
1746,arv,24,3956,2,0,7000,0,2,D2,49
1747,arv,2,3993,2,0,7000,0,2,D2,10
1748,arv,0,4079,2,0,7000,0,2,D2,1
1749,arv,2,4167,2,0,7000,0,2,D2,10
1750,arv,24,4217,2,0,7000,0,2,D2,50
1751,arv,2,3322,2,0,7000,0,2,D2,10
1752,arv,0,3417,2,0,7000,0,2,D2,0
1753,arv,2,3537,2,0,7000,0,2,D2,10
1754,arv,0,3628,2,0,7000,0,2,D2,0
1755,arv,2,3737,2,0,7000,0,2,D2,11
1756,arv,0,3830,2,0,7000,0,2,D2,2
1757,arv,2,3930,2,0,7000,0,2,D2,10
1758,arv,0,4030,2,0,7000,0,2,D2,0
1759,arv,1,4151,2,0,7000,0,2,D2,7
1760,arv,9,3534,2,0,7000,0,2,G,27
1761,arv,29,3905,2,0,7000,0,2,G,56
1762,arv,0,4297,2,0,7000,0,2,G,0
1763,arv,0,3456,2,0,7000,0,2,G,1
1764,arv,1,3648,2,0,7000,0,2,G,6
1765,arv,0,3896,2,0,7000,0,2,G,2
1766,arv,41,4058,2,0,7000,0,2,G,69
1767,arv,24,4150,2,0,7000,0,2,G,49
1768,arv,3,4275,2,0,7000,0,2,G,14
1769,arv,7,3525,2,0,7000,0,2,D,23
1770,arv,12,3658,2,0,7000,0,2,D,33
1771,arv,7,3815,2,0,7000,0,2,D,24
1772,arv,9,3975,2,0,7000,0,2,D,27
1773,arv,16,4084,2,0,7000,0,2,D,38
1774,arv,12,4184,2,0,7000,0,2,D,32
1775,arv,21,3411,2,0,7000,0,2,D,45
1776,arv,14,3563,2,0,7000,0,2,D,35
1777,arv,21,3705,2,0,7000,0,2,D,46
1778,arv,12,3828,2,0,7000,0,2,D,32
1779,arv,0,4036,2,0,7000,0,2,D,2
1780,arv,8,3671,2,0,7000,0,2,D2,25
1781,arv,0,3947,2,0,7000,0,2,D2,0
1782,arv,8,4200,2,0,7000,0,2,D2,25
1783,arv,0,3635,2,0,7000,0,2,D2,1
1784,arv,8,3899,2,0,7000,0,2,D2,25
1785,arv,1,4254,2,0,7000,0,2,D2,7
1786,arv,7,3575,2,0,7000,0,2,D,22
1787,arv,0,3658,2,0,7000,0,2,D,0
1788,arv,30,4236,2,0,7000,0,2,D,58
1789,arv,9,3872,2,0,7000,0,2,D,27
1790,arv,0,3967,2,0,7000,0,2,D,2
1791,arv,0,3498,2,0,7000,0,2,G2,1
1792,arv,2,3584,2,0,7000,0,2,G2,10
1793,arv,0,3666,2,0,7000,0,2,G2,1
1794,arv,2,3773,2,0,7000,0,2,G2,10
1795,arv,0,3888,2,0,7000,0,2,G2,1
1796,arv,35,3933,2,0,7000,0,2,G2,63
1797,arv,0,3993,2,0,7000,0,2,G2,0
1798,arv,2,4083,2,0,7000,0,2,G2,11
1799,arv,0,4171,2,0,7000,0,2,G2,3
1800,arv,1,4272,2,0,7000,0,2,G2,6
1801,arv,0,3678,2,0,7000,0,2,G,2
1802,arv,25,4194,2,0,7000,0,2,G,51
1803,arv,0,3820,2,0,7000,0,2,G,0
1804,arv,11,4239,2,0,7000,0,2,G,30
1805,arv,23,3300,2,0,7000,0,2,G2,48
1806,arv,2,3378,2,0,7000,0,2,G2,10
1807,arv,0,3538,2,0,7000,0,2,G2,1
1808,arv,2,3620,2,0,7000,0,2,G2,10
1809,arv,0,3730,2,0,7000,0,2,G2,2
1810,arv,2,3821,2,0,7000,0,2,G2,11
1811,arv,0,3960,2,0,7000,0,2,G2,1
1812,arv,2,4045,2,0,7000,0,2,G2,10
1813,arv,0,4193,2,0,7000,0,2,G2,0
1814,arv,2,3447,2,0,7000,0,2,G2,11
1815,arv,0,3576,2,0,7000,0,2,G2,1
1816,arv,2,3692,2,0,7000,0,2,G2,12
1817,arv,0,3782,2,0,7000,0,2,G2,1
1818,arv,2,3900,2,0,7000,0,2,G2,10
1819,arv,0,4019,2,0,7000,0,2,G2,1
1820,arv,1,4139,2,0,7000,0,2,G2,6
1821,arv,17,3495,2,0,7000,0,2,D2,39
1822,arv,6,3692,2,0,7000,0,2,D2,20
1823,arv,4,3818,2,0,7000,0,2,D2,16
1824,arv,6,3952,2,0,7000,0,2,D2,20
1825,arv,1,4205,2,0,7000,0,2,D2,7
1826,arv,8,3642,2,0,7000,0,2,D2,26
1827,arv,0,3899,2,0,7000,0,2,D2,3
1828,arv,8,4154,2,0,7000,0,2,D2,25
1829,arv,0,3559,2,0,7000,0,2,D2,0
1830,arv,8,3833,2,0,7000,0,2,D2,25
1831,arv,4,4299,2,0,7000,0,2,D2,16
1832,arv,11,3756,2,0,7000,0,2,G,30
1833,arv,0,4163,2,0,7000,0,2,G,1
1834,arv,1,4263,2,0,7000,0,2,G,9
1835,arv,11,3645,2,0,7000,0,2,G,30
1836,arv,0,4060,2,0,7000,0,2,G,0
1837,arv,1,4189,2,0,7000,0,2,G,7
1838,arv,28,3366,2,0,7000,0,2,G2,55
1839,arv,1,3511,2,0,7000,0,2,G2,7
1840,arv,21,3687,2,0,7000,0,2,G2,45
1841,arv,1,3842,2,0,7000,0,2,G2,7
1842,arv,28,3905,2,0,7000,0,2,G2,55
1843,arv,1,4054,2,0,7000,0,2,G2,7
1844,arv,5,4115,2,0,7000,0,2,G2,19
1845,arv,1,4200,2,0,7000,0,2,G2,6
1846,arv,28,4277,2,0,7000,0,2,G2,55
1847,arv,1,3353,2,0,7000,0,2,G2,7
1848,arv,31,3483,2,0,7000,0,2,G2,59
1849,arv,1,3606,2,0,7000,0,2,G2,6
1850,arv,5,3667,2,0,7000,0,2,G2,18
1851,arv,1,3734,2,0,7000,0,2,G2,8
1852,arv,5,3835,2,0,7000,0,2,G2,19
1853,arv,1,3896,2,0,7000,0,2,G2,6
1854,arv,31,4036,2,0,7000,0,2,G2,59
1855,arv,1,4169,2,0,7000,0,2,G2,6
1856,arv,5,4228,2,0,7000,0,2,G2,18
1857,arv,1,4282,2,0,7000,0,2,G2,9
1858,arv,36,3687,2,0,7000,0,2,G,64
1859,arv,3,4014,2,0,7000,0,2,G,13
1860,arv,10,4135,2,0,7000,0,2,G,29
1861,arv,3,3530,2,0,7000,0,2,G,14
1862,arv,36,3870,2,0,7000,0,2,G,64
1863,arv,3,4210,2,0,7000,0,2,G,13
1864,arv,18,3859,2,0,7000,0,2,D2,41
1865,arv,37,4280,2,0,7000,0,2,D2,65
1866,arv,18,3714,2,0,7000,0,2,D2,40
1867,arv,1,4251,2,0,7000,0,2,D2,6
1868,arv,24,3351,2,0,7000,0,2,D2,49
1869,arv,18,3912,2,0,7000,0,2,D2,40
1870,arv,4,4259,2,0,7000,0,2,D2,16
1871,arv,3,3926,2,0,7000,0,2,D,13
1872,arv,43,4011,2,0,7000,0,2,D,71
1873,arv,44,4161,2,0,7000,0,2,D,72
1874,arv,3,3420,2,0,7000,0,2,D,13
1875,arv,42,4056,2,0,7000,0,2,D,70
1876,arv,33,3369,2,0,7000,0,2,G2,61
1877,arv,45,3563,2,0,7000,0,2,G2,73
1878,arv,7,3790,2,0,7000,0,2,G2,23
1879,arv,2,4050,2,0,7000,0,2,G2,12
1880,arv,0,4240,2,0,7000,0,2,G2,1
1881,arv,12,3372,2,0,7000,0,2,G2,32
1882,arv,1,3526,2,0,7000,0,2,G2,6
1883,arv,46,3613,2,0,7000,0,2,G2,74
1884,arv,1,3726,2,0,7000,0,2,G2,6
1885,arv,14,3922,2,0,7000,0,2,G2,35
1886,arv,1,4094,2,0,7000,0,2,G2,6
1887,arv,1,3567,2,0,7000,0,2,D,7
1888,arv,5,3636,2,0,7000,0,2,D,18
1889,arv,1,3703,2,0,7000,0,2,D,7
1890,arv,31,3881,2,0,7000,0,2,D,59
1891,arv,1,4026,2,0,7000,0,2,D,6
1892,arv,28,4143,2,0,7000,0,2,D,55
1893,arv,23,3631,2,0,7000,0,2,G,48
1894,arv,29,3972,2,0,7000,0,2,G,57
1895,arv,1,4272,2,0,7000,0,2,G,7
1896,arv,6,3606,2,0,7000,0,2,G,21
1897,arv,29,3842,2,0,7000,0,2,G,56
1898,arv,6,4047,2,0,7000,0,2,G,20
1899,arv,4,4154,2,0,7000,0,2,G,16
1900,arv,6,3588,2,0,7000,0,2,D2,20
1901,arv,4,3700,2,0,7000,0,2,D2,16
1902,arv,6,3821,2,0,7000,0,2,D2,20
1903,arv,17,4000,2,0,7000,0,2,D2,39
1904,arv,4,4106,2,0,7000,0,2,D2,17
1905,arv,37,4198,2,0,7000,0,2,D2,65
1906,arv,6,3552,2,0,7000,0,2,D2,20
1907,arv,1,3826,2,0,7000,0,2,D2,6
1908,arv,6,4076,2,0,7000,0,2,D2,20
1909,arv,4,4178,2,0,7000,0,2,D2,17
1910,arv,25,3722,2,0,7000,0,2,G,51
1911,arv,1,4257,2,0,7000,0,2,G,8
1912,arv,10,3511,2,0,7000,0,2,D2,29
1913,arv,3,3607,2,0,7000,0,2,D2,14
1914,arv,10,3715,2,0,7000,0,2,D2,29
1915,arv,3,3831,2,0,7000,0,2,D2,13
1916,arv,10,3946,2,0,7000,0,2,D2,29
1917,arv,3,4055,2,0,7000,0,2,D2,13
1918,arv,10,4208,2,0,7000,0,2,D2,29
1919,arv,10,3390,2,0,7000,0,2,D2,29
1920,arv,3,3506,2,0,7000,0,2,D2,13
1921,arv,10,3626,2,0,7000,0,2,D2,29
1922,arv,3,3744,2,0,7000,0,2,D2,13
1923,arv,10,3846,2,0,7000,0,2,D2,29
1924,arv,3,3942,2,0,7000,0,2,D2,14
1925,arv,10,4044,2,0,7000,0,2,D2,29
1926,arv,3,4159,2,0,7000,0,2,D2,14
1927,arv,19,3419,2,0,7000,0,2,G2,42
1928,arv,3,3591,2,0,7000,0,2,G2,13
1929,arv,47,3705,2,0,7000,0,2,G2,75
1930,arv,3,3837,2,0,7000,0,2,G2,14
1931,arv,19,3991,2,0,7000,0,2,G2,43
1932,arv,3,4137,2,0,7000,0,2,G2,13
1933,arv,19,4289,2,0,7000,0,2,G2,42
1934,arv,3,3478,2,0,7000,0,2,G2,13
1935,arv,19,3617,2,0,7000,0,2,G2,42
1936,arv,3,3772,2,0,7000,0,2,G2,13
1937,arv,19,3932,2,0,7000,0,2,G2,42
1938,arv,3,4167,2,0,7000,0,2,G2,13
1939,arv,4,3573,2,0,7000,0,2,G2,16
1940,arv,13,3793,2,0,7000,0,2,G2,34
1941,arv,9,4250,2,0,7000,0,2,G2,27
1942,arv,13,3744,2,0,7000,0,2,G2,34
1943,arv,4,3956,2,0,7000,0,2,G2,16
1944,arv,13,4167,2,0,7000,0,2,G2,34
1945,arv,38,3916,2,0,7000,0,2,G2,66
1946,arv,13,4027,2,0,7000,0,2,G2,34
1947,arv,4,4196,2,0,7000,0,2,G2,16
1948,arv,13,3575,2,0,7000,0,2,G2,34
1949,arv,38,3659,2,0,7000,0,2,G2,66
1950,arv,0,4156,2,0,7000,0,2,G2,0
1951,arv,8,3693,2,0,7000,0,2,D2,26
1952,arv,0,3978,2,0,7000,0,2,D2,0
1953,arv,8,3741,2,0,7000,0,2,G2,25
1954,arv,5,4101,2,0,7000,0,2,G2,18
1955,arv,4,3593,2,0,7000,0,2,G2,17
1956,arv,5,3972,2,0,7000,0,2,G2,18
1957,arv,0,4169,2,0,7000,0,2,G2,2
1958,arv,18,3840,2,0,7000,0,2,G2,40
1959,arv,4,4099,2,0,7000,0,2,G2,16
1960,arv,18,3605,2,0,7000,0,2,G2,40
1961,arv,0,4132,2,0,7000,0,2,G2,0
1962,arv,26,3597,2,0,7000,0,2,D,52
1963,arv,0,3772,2,0,7000,0,2,D,0
1964,arv,26,3932,2,0,7000,0,2,D,52
1965,arv,0,4151,2,0,7000,0,2,D,0
1966,arv,0,3337,2,0,7000,0,2,G,0
1967,arv,11,3712,2,0,7000,0,2,G,30
1968,arv,0,4118,2,0,7000,0,2,G,0
1969,arv,1,4217,2,0,7000,0,2,G,6
1970,arv,17,3453,2,0,7000,0,2,D2,39
1971,arv,6,3656,2,0,7000,0,2,D2,20
1972,arv,39,3888,2,0,7000,0,2,D2,67
1973,arv,6,4114,2,0,7000,0,2,D2,20
1974,arv,4,4222,2,0,7000,0,2,D2,16
1975,arv,0,3395,2,0,7000,0,2,G,0
1976,arv,11,3802,2,0,7000,0,2,G,30
1977,arv,0,4200,2,0,7000,0,2,G,0
1978,arv,1,4316,2,0,7000,0,2,G,6
1979,arv,9,3312,2,0,7000,0,2,D,27
1980,arv,13,3810,2,0,7000,0,2,D,34
1981,arv,0,4235,2,0,7000,0,2,D,0
1982,arv,6,3377,2,0,7000,0,2,D2,20
1983,arv,30,3821,2,0,7000,0,2,D2,58
1984,arv,6,4218,2,0,7000,0,2,D2,20
1985,arv,4,4313,2,0,7000,0,2,D2,16
1986,arv,12,3510,2,0,7000,0,2,G,32
1987,arv,2,3683,2,0,7000,0,2,G,10
1988,arv,0,3788,2,0,7000,0,2,G,1
1989,arv,1,3892,2,0,7000,0,2,G,6
1990,arv,8,4236,2,0,7000,0,2,D,25
1991,arv,5,3374,2,0,7000,0,2,G2,18
1992,arv,0,4251,2,0,7000,0,2,G,0
1993,arv,25,3816,2,0,7000,0,2,G,51
1994,arv,40,3710,2,0,7000,0,2,G,68
1995,arv,3,3838,2,0,7000,0,2,G2,13
1996,arv,1,3541,2,0,7000,0,2,G2,6
1997,arv,2,3432,2,0,7000,0,2,D,10
1998,arv,7,3969,2,0,7000,0,2,G2,22
1999,arv,1,4291,2,0,7000,0,2,G2,6
2000,arv,5,3945,2,0,7000,0,2,D,18
2001,arv,5,3705,2,0,7000,0,2,G2,18
2002,arv,5,4193,2,0,7000,0,2,G2,18
2003,arv,1,3595,2,0,7000,0,2,D,6
2004,arv,2,3819,2,0,7000,0,2,D,10
2005,arv,27,3699,2,0,7000,0,2,D,53
2006,arv,27,3512,2,0,7000,0,2,D,53
2007,arv,26,3568,2,0,7000,0,2,G,52
2008,arv,0,3744,2,0,7000,0,2,G,0
2009,arv,26,3905,2,0,7000,0,2,G,52
2010,arv,0,4124,2,0,7000,0,2,G,0
2011,arv,0,3354,2,0,7000,0,2,D,0
2012,arv,11,3782,2,0,7000,0,2,D,30
2013,arv,0,4195,2,0,7000,0,2,D,0
2014,arv,1,4233,2,0,7000,0,2,D,6
2015,arv,17,3443,2,0,7000,0,2,G2,39
2016,arv,6,3620,2,0,7000,0,2,G2,20
2017,arv,39,3846,2,0,7000,0,2,G2,67
2018,arv,6,4074,2,0,7000,0,2,G2,20
2019,arv,4,4205,2,0,7000,0,2,G2,16
2020,arv,0,3415,2,0,7000,0,2,D,0
2021,arv,11,3877,2,0,7000,0,2,D,30
2022,arv,0,4275,2,0,7000,0,2,D,0
2023,arv,1,4333,2,0,7000,0,2,D,6
2024,arv,9,3305,2,0,7000,0,2,G,27
2025,arv,13,3716,2,0,7000,0,2,G,34
2026,arv,0,4154,2,0,7000,0,2,G,0
2027,arv,6,3362,2,0,7000,0,2,G2,20
2028,arv,30,3736,2,0,7000,0,2,G2,58
2029,arv,6,4144,2,0,7000,0,2,G2,20
2030,arv,4,4298,2,0,7000,0,2,G2,16
2031,arv,12,3536,2,0,7000,0,2,D,32
2032,arv,2,3709,2,0,7000,0,2,D,10
2033,arv,0,3804,2,0,7000,0,2,D,1
2034,arv,1,3907,2,0,7000,0,2,D,6
2035,arv,8,4189,2,0,7000,0,2,G,25
2036,arv,5,3384,2,0,7000,0,2,D2,18
2037,arv,0,4352,2,0,7000,0,2,D,0
2038,arv,25,3913,2,0,7000,0,2,D,51
2039,arv,40,3728,2,0,7000,0,2,D,68
2040,arv,3,3860,2,0,7000,0,2,D2,13
2041,arv,1,3560,2,0,7000,0,2,D2,6
2042,arv,2,3412,2,0,7000,0,2,G,10
2043,arv,7,4006,2,0,7000,0,2,D2,22
2044,arv,1,4306,2,0,7000,0,2,D2,6
2045,arv,5,3924,2,0,7000,0,2,G,18
2046,arv,5,3724,2,0,7000,0,2,D2,18
2047,arv,5,4227,2,0,7000,0,2,D2,18
2048,arv,1,3583,2,0,7000,0,2,G,6
2049,arv,2,3803,2,0,7000,0,2,G,10
2050,arv,27,3683,2,0,7000,0,2,G,53
2051,arv,27,3500,2,0,7000,0,2,G,53
2052,ns,0,1440,0,0,7000,-1,2,1,-1
2053,ns,1,1440,0,0,7000,-1,2,1,-1
2054,ns,2,1440,0,0,7000,-1,2,1,-1
2055,ns,3,1440,0,0,7000,-1,2,1,-1
2056,ns,4,1440,0,0,7000,-1,2,1,-1
2057,ns,5,1440,0,0,7000,-1,2,1,-1
2058,ns,6,1440,0,0,7000,-1,2,1,-1
2059,ns,7,1440,0,0,7000,-1,2,1,-1
2060,ns,8,1440,0,0,7000,-1,2,1,-1
2061,ns,9,1440,0,0,7000,-1,2,1,-1
2062,ns,10,1440,0,0,7000,-1,2,1,-1
2063,ns,11,1440,0,0,7000,-1,2,1,-1
2064,ns,12,1440,0,0,7000,-1,2,1,-1
2065,ns,13,1440,0,0,7000,-1,2,1,-1
2066,ns,14,1440,0,0,7000,-1,2,1,-1
2067,ns,15,1440,0,0,7000,-1,2,1,-1
2068,ns,16,1440,0,0,7000,-1,2,1,-1
2069,ns,17,1440,0,0,7000,-1,2,1,-1
2070,ns,18,1440,0,0,7000,-1,2,1,-1
2071,ns,19,1440,0,0,7000,-1,2,1,-1
2072,ns,20,1440,0,0,7000,-1,2,1,-1
2073,ns,21,1440,0,0,7000,-1,2,1,-1
2074,ns,22,1440,0,0,7000,-1,2,1,-1
2075,ns,23,1440,0,0,7000,-1,2,1,-1
2076,ns,24,1440,0,0,7000,-1,2,1,-1
2077,ns,25,1440,0,0,7000,-1,2,1,-1
2078,ns,26,1440,0,0,7000,-1,2,1,-1
2079,ns,27,1440,0,0,7000,-1,2,1,-1
2080,ns,28,1440,0,0,7000,-1,2,1,-1
2081,ns,29,1440,0,0,7000,-1,2,1,-1
2082,ns,30,1440,0,0,7000,-1,2,1,-1
2083,ns,31,1440,0,0,7000,-1,2,1,-1
2084,ns,32,1440,0,0,7000,-1,2,1,-1
2085,ns,33,1440,0,0,7000,-1,2,1,-1
2086,ns,34,1440,0,0,7000,-1,2,1,-1
2087,ns,35,1440,0,0,7000,-1,2,1,-1
2088,ns,36,1440,0,0,7000,-1,2,1,-1
2089,ns,37,1440,0,0,7000,-1,2,1,-1
2090,ns,38,1440,0,0,7000,-1,2,1,-1
2091,ns,39,1440,0,0,7000,-1,2,1,-1
2092,ns,40,1440,0,0,7000,-1,2,1,-1
2093,ns,41,1440,0,0,7000,-1,2,1,-1
2094,ns,42,1440,0,0,7000,-1,2,1,-1
2095,ns,43,1440,0,0,7000,-1,2,1,-1
2096,ns,44,1440,0,0,7000,-1,2,1,-1
2097,ns,45,1440,0,0,7000,-1,2,1,-1
2098,ns,46,1440,0,0,7000,-1,2,1,-1
2099,ns,47,1440,0,0,7000,-1,2,1,-1
2100,ns,0,2880,1,0,7000,-1,2,1,-1
2101,ns,1,2880,1,0,7000,-1,2,1,-1
2102,ns,2,2880,1,0,7000,-1,2,1,-1
2103,ns,3,2880,1,0,7000,-1,2,1,-1
2104,ns,4,2880,1,0,7000,-1,2,1,-1
2105,ns,5,2880,1,0,7000,-1,2,1,-1
2106,ns,6,2880,1,0,7000,-1,2,1,-1
2107,ns,7,2880,1,0,7000,-1,2,1,-1
2108,ns,8,2880,1,0,7000,-1,2,1,-1
2109,ns,9,2880,1,0,7000,-1,2,1,-1
2110,ns,10,2880,1,0,7000,-1,2,1,-1
2111,ns,11,2880,1,0,7000,-1,2,1,-1
2112,ns,12,2880,1,0,7000,-1,2,1,-1
2113,ns,13,2880,1,0,7000,-1,2,1,-1
2114,ns,14,2880,1,0,7000,-1,2,1,-1
2115,ns,15,2880,1,0,7000,-1,2,1,-1
2116,ns,16,2880,1,0,7000,-1,2,1,-1
2117,ns,17,2880,1,0,7000,-1,2,1,-1
2118,ns,18,2880,1,0,7000,-1,2,1,-1
2119,ns,19,2880,1,0,7000,-1,2,1,-1
2120,ns,20,2880,1,0,7000,-1,2,1,-1
2121,ns,21,2880,1,0,7000,-1,2,1,-1
2122,ns,22,2880,1,0,7000,-1,2,1,-1
2123,ns,23,2880,1,0,7000,-1,2,1,-1
2124,ns,24,2880,1,0,7000,-1,2,1,-1
2125,ns,25,2880,1,0,7000,-1,2,1,-1
2126,ns,26,2880,1,0,7000,-1,2,1,-1
2127,ns,27,2880,1,0,7000,-1,2,1,-1
2128,ns,28,2880,1,0,7000,-1,2,1,-1
2129,ns,29,2880,1,0,7000,-1,2,1,-1
2130,ns,30,2880,1,0,7000,-1,2,1,-1
2131,ns,31,2880,1,0,7000,-1,2,1,-1
2132,ns,32,2880,1,0,7000,-1,2,1,-1
2133,ns,33,2880,1,0,7000,-1,2,1,-1
2134,ns,34,2880,1,0,7000,-1,2,1,-1
2135,ns,35,2880,1,0,7000,-1,2,1,-1
2136,ns,36,2880,1,0,7000,-1,2,1,-1
2137,ns,37,2880,1,0,7000,-1,2,1,-1
2138,ns,38,2880,1,0,7000,-1,2,1,-1
2139,ns,39,2880,1,0,7000,-1,2,1,-1
2140,ns,40,2880,1,0,7000,-1,2,1,-1
2141,ns,41,2880,1,0,7000,-1,2,1,-1
2142,ns,42,2880,1,0,7000,-1,2,1,-1
2143,ns,43,2880,1,0,7000,-1,2,1,-1
2144,ns,44,2880,1,0,7000,-1,2,1,-1
2145,ns,45,2880,1,0,7000,-1,2,1,-1
2146,ns,46,2880,1,0,7000,-1,2,1,-1
2147,ns,47,2880,1,0,7000,-1,2,1,-1
2148,mt,0,1440,0,0,0,-1,-1,1,-1
2149,mt,1,1440,0,0,0,-1,-1,1,-1
2150,mt,3,1440,0,0,0,-1,-1,1,-1
2151,mt,4,1440,0,0,0,-1,-1,1,-1
2152,mt,5,1440,0,0,0,-1,-1,1,-1
2153,mt,10,1440,0,0,0,-1,-1,1,-1
2154,mt,11,1440,0,0,0,-1,-1,1,-1
2155,mt,13,1440,0,0,0,-1,-1,1,-1
2156,mt,25,1440,0,0,0,-1,-1,1,-1
2157,mt,42,1440,0,0,0,-1,-1,1,-1
2158,mt,0,2880,1,0,0,-1,-1,1,-1
2159,mt,1,2880,1,0,0,-1,-1,1,-1
2160,mt,3,2880,1,0,0,-1,-1,1,-1
2161,mt,4,2880,1,0,0,-1,-1,1,-1
2162,mt,5,2880,1,0,0,-1,-1,1,-1
2163,mt,10,2880,1,0,0,-1,-1,1,-1
2164,mt,11,2880,1,0,0,-1,-1,1,-1
2165,mt,13,2880,1,0,0,-1,-1,1,-1
2166,mt,25,2880,1,0,0,-1,-1,1,-1
2167,mt,42,2880,1,0,0,-1,-1,1,-1
2168,sc,0,0,-1,0,7000,0,2,1,-1
2169,sc,1,0,-1,0,7000,0,2,1,-1
2170,sc,2,0,-1,0,7000,0,2,1,-1
2171,sc,3,0,-1,0,7000,0,2,1,-1
2172,sc,4,0,-1,0,7000,0,2,1,-1
2173,sc,5,0,-1,0,7000,0,2,1,-1
2174,sc,7,0,-1,0,7000,0,2,1,-1
2175,sc,8,0,-1,0,7000,0,2,1,-1
2176,sc,9,0,-1,0,7000,0,2,1,-1
2177,sc,10,0,-1,0,7000,0,2,1,-1
2178,sc,11,0,-1,0,7000,0,2,1,-1
2179,sc,12,0,-1,0,7000,0,2,1,-1
2180,sc,13,0,-1,0,7000,0,2,1,-1
2181,sc,19,0,-1,0,7000,0,2,1,-1
2182,sc,20,0,-1,0,7000,0,2,1,-1
2183,sc,21,0,-1,0,7000,0,2,1,-1
2184,sc,24,0,-1,0,7000,0,2,1,-1
2185,sc,25,0,-1,0,7000,0,2,1,-1
2186,sc,27,0,-1,0,7000,0,2,1,-1
2187,sc,28,0,-1,0,7000,0,2,1,-1
2188,sc,30,0,-1,0,7000,0,2,1,-1
2189,sc,35,0,-1,0,7000,0,2,1,-1
2190,sc,37,0,-1,0,7000,0,2,1,-1
2191,sc,42,0,-1,0,7000,0,2,1,-1
2192,sc,44,0,-1,0,7000,0,2,1,-1
2193,sk,0,4320,2,0,0,0,0,1,-1
2194,sk,1,4320,2,0,0,0,0,1,-1
2195,sk,2,4320,2,0,1,0,1,1,-1
2196,sk,3,4320,2,0,0,0,0,1,-1
2197,sk,4,4320,2,0,0,0,0,1,-1
2198,sk,5,4320,2,0,0,0,0,1,-1
2199,sk,7,4320,2,0,1,0,1,1,-1
2200,sk,8,4320,2,0,1,0,1,1,-1
2201,sk,9,4320,2,0,1,0,1,1,-1
2202,sk,10,4320,2,0,0,0,0,1,-1
2203,sk,11,4320,2,0,0,0,0,1,-1
2204,sk,12,4320,2,0,1,0,1,1,-1
2205,sk,13,4320,2,0,0,0,0,1,-1
2206,sk,19,4320,2,0,1,0,1,1,-1
2207,sk,20,4320,2,0,1,0,1,1,-1
2208,sk,21,4320,2,0,1,0,1,1,-1
2209,sk,24,4320,2,0,1,0,1,1,-1
2210,sk,25,4320,2,0,0,0,0,1,-1
2211,sk,27,4320,2,0,1,0,1,1,-1
2212,sk,28,4320,2,0,1,0,1,1,-1
2213,sk,30,4320,2,0,1,0,1,1,-1
2214,sk,35,4320,2,0,1,0,1,1,-1
2215,sk,37,4320,2,0,1,0,1,1,-1
2216,sk,42,4320,2,0,0,0,0,1,-1
2217,sk,44,4320,2,0,1,0,1,1,-1
