Train,Suc,Pre,Start,End,Departure,Arrival,Mile,Units,Day,Duration,Time_C,Type
0,1,-1,0,14,380,443,152,D,0,2,45,1
1,2,0,14,6,488,637,314,D,0,2,52,1
2,3,1,6,14,689,846,314,D,0,2,62,1
3,4,2,14,15,908,1098,428,D,0,2,24,1
4,-1,3,15,20,1122,1339,554,D,0,2,None,1
5,6,-1,0,16,464,495,82,D,0,2,21,1
6,7,5,16,9,516,597,195,D,0,2,20,1
7,8,6,9,6,617,736,275,D,0,2,23,1
8,9,7,6,14,759,911,314,D,0,2,30,1
9,10,8,14,6,941,1140,314,D,0,2,56,1
10,-1,9,6,20,1196,1387,440,D,0,2,None,1
11,12,-1,20,4,505,867,928,D,0,2,25,1
12,13,11,4,22,892,1072,642,D,0,2,21,1
13,14,12,22,31,1093,1219,348,D,0,2,41,1
14,-1,13,31,0,1260,1384,356,D,0,2,None,1
15,16,-1,0,32,355,370,21,G,0,1,41,1
16,17,15,32,9,411,474,134,G,0,1,19,1
17,18,16,9,8,493,663,394,G,0,1,30,1
18,19,17,8,0,693,810,264,G,0,1,21,1
19,20,18,0,8,831,946,264,G,0,1,33,1
20,-1,19,8,4,979,1290,931,G,0,1,None,1
21,22,-1,13,4,497,630,513,G,0,1,20,1
22,23,21,4,33,650,716,206,G,0,1,20,1
23,24,22,33,17,736,885,342,G,0,1,23,1
24,25,23,17,33,908,1046,342,G,0,1,31,1
25,-1,24,33,0,1077,1399,866,G,0,1,None,1
26,27,-1,0,10,450,667,564,G,0,1,48,1
27,28,26,10,20,715,1057,842,G,0,1,22,1
28,-1,27,20,8,1079,1333,559,G,0,1,None,1
29,30,-1,8,0,466,571,281,G,0,1,23,1
30,31,29,0,2,594,689,299,G,0,1,71,1
31,32,30,2,0,760,842,299,G,0,1,28,1
32,33,31,0,23,870,929,153,G,0,1,25,1
33,34,32,23,0,954,1002,153,G,0,1,21,1
34,35,33,0,2,1023,1120,299,G,0,1,55,1
35,36,34,2,23,1175,1219,146,G,0,1,68,1
36,-1,35,23,3,1287,1381,166,G,0,1,None,1
37,38,-1,0,7,497,743,658,D2,0,2,27,1
38,39,37,7,3,770,1069,733,D2,0,2,38,1
39,-1,38,3,7,1107,1416,733,D2,0,2,None,1
40,41,-1,7,0,588,812,658,D2,0,2,24,1
41,42,40,0,7,836,1090,658,D2,0,2,44,1
42,-1,41,7,0,1134,1356,658,D2,0,2,None,1
43,44,-1,1,0,454,554,302,G,0,1,26,1
44,45,43,0,11,580,989,1112,G,0,1,21,1
45,-1,44,11,0,1010,1387,1112,G,0,1,None,1
46,47,-1,34,0,470,496,83,G,0,1,21,1
47,48,46,0,11,517,892,1112,G,0,1,23,1
48,49,47,11,0,915,1300,1112,G,0,1,24,1
49,-1,48,0,1,1324,1402,302,G,0,1,None,1
50,51,-1,4,22,528,726,642,D2,0,2,28,1
51,52,50,22,5,754,1033,868,D2,0,2,20,1
52,-1,51,5,20,1053,1433,989,D2,0,2,None,1
53,54,-1,20,16,473,624,360,D2,0,2,19,1
54,55,53,16,14,643,742,234,D2,0,2,20,1
55,56,54,14,0,762,829,152,D2,0,2,21,1
56,57,55,0,20,850,963,278,D2,0,2,28,1
57,-1,56,20,4,991,1326,928,D2,0,2,None,1
58,59,-1,0,6,394,469,162,D,0,2,19,1
59,60,58,6,9,488,611,275,D,0,2,19,1
60,61,59,9,21,630,733,248,D,0,2,38,1
61,62,60,21,9,771,884,248,D,0,2,55,1
62,63,61,9,16,939,1041,195,D,0,2,19,1
63,64,62,16,9,1060,1154,195,D,0,2,21,1
64,-1,63,9,6,1175,1315,275,D,0,2,None,1
65,66,-1,6,12,442,565,275,D,0,2,20,1
66,67,65,12,16,585,664,148,D,0,2,24,1
67,68,66,16,12,688,762,148,D,0,2,21,1
68,69,67,12,6,783,895,228,D,0,2,63,1
69,-1,68,6,0,958,1035,162,D,0,2,None,1
70,71,-1,0,15,377,465,276,D,0,2,52,1
71,72,70,15,0,517,633,276,D,0,2,37,1
72,73,71,0,15,670,758,276,D,0,2,32,1
73,74,72,15,22,790,901,268,D,0,2,18,1
74,75,73,22,15,919,1002,268,D,0,2,24,1
75,76,74,15,22,1026,1108,268,D,0,2,21,1
76,77,75,22,6,1129,1200,154,D,0,2,31,1
77,78,76,6,0,1231,1295,154,D,0,2,35,1
78,-1,77,0,16,1330,1362,74,D,0,2,None,1
79,80,-1,21,0,430,494,135,D,0,2,21,1
80,81,79,0,6,515,592,162,D,0,2,37,1
81,82,80,6,0,629,712,162,D,0,2,28,1
82,83,81,0,6,740,815,162,D,0,2,18,1
83,84,82,6,0,833,896,162,D,0,2,33,1
84,85,83,0,6,929,1011,162,D,0,2,67,1
85,86,84,6,0,1078,1161,162,D,0,2,34,1
86,-1,85,0,15,1195,1290,276,D,0,2,None,1
87,88,-1,0,31,425,554,356,D,0,2,81,1
88,89,87,31,14,635,851,508,D,0,2,46,1
89,90,88,14,15,897,1057,428,D,0,2,31,1
90,91,89,15,12,1088,1240,342,D,0,2,21,1
91,-1,90,12,0,1261,1291,66,D,0,2,None,1
92,93,-1,1,0,633,711,302,D2,0,2,25,1
93,94,92,0,2,736,798,299,D2,0,2,62,1
94,95,93,2,0,860,930,299,D2,0,2,24,1
95,-1,94,0,2,954,1032,299,D2,0,2,None,1
96,97,-1,2,24,813,1076,54,D2,0,2,20,1
97,98,96,24,2,1096,1113,54,D2,0,2,24,1
98,99,97,2,0,1137,1199,299,D2,0,2,25,1
99,100,98,0,2,1224,1287,299,D2,0,2,33,1
100,-1,99,2,24,1320,1337,54,D2,0,2,None,1
101,102,-1,24,2,425,442,54,D2,0,2,33,1
102,103,101,2,0,475,537,299,D2,0,2,26,1
103,104,102,0,2,563,657,299,D2,0,2,29,1
104,105,103,2,0,686,748,299,D2,0,2,22,1
105,106,104,0,2,770,857,299,D2,0,2,23,1
106,107,105,2,0,880,950,299,D2,0,2,26,1
107,108,106,0,2,976,1050,299,D2,0,2,22,1
108,109,107,2,0,1072,1150,299,D2,0,2,21,1
109,-1,108,0,1,1171,1271,302,D2,0,2,None,1
110,111,-1,10,9,420,654,677,G,0,1,20,1
111,112,110,9,28,674,1025,1078,G,0,1,64,1
112,-1,111,28,0,1089,1417,965,G,0,1,None,1
113,114,-1,3,0,449,576,319,G,0,1,23,1
114,115,113,0,1,599,768,404,G,0,1,63,1
115,116,114,1,0,831,1016,404,G,0,1,19,1
116,117,115,0,40,1035,1178,348,G,0,1,22,1
117,118,116,40,24,1200,1270,103,G,0,1,78,1
118,-1,117,24,3,1348,1395,74,G,0,1,None,1
119,120,-1,0,6,576,645,162,D,0,2,29,1
120,121,119,6,12,674,778,228,D,0,2,37,1
121,122,120,12,6,815,935,228,D,0,2,41,1
122,123,121,6,9,976,1095,275,D,0,2,26,1
123,124,122,9,16,1121,1204,195,D,0,2,23,1
124,-1,123,16,12,1227,1304,148,D,0,2,None,1
125,126,-1,12,21,442,531,201,D,0,2,19,1
126,127,125,21,14,550,683,287,D,0,2,21,1
127,128,126,14,21,704,825,287,D,0,2,24,1
128,129,127,21,12,849,948,201,D,0,2,178,1
129,-1,128,12,0,1126,1156,66,D,0,2,None,1
130,131,-1,1,7,459,791,738,D2,0,2,55,1
131,132,130,7,0,846,1067,658,D2,0,2,22,1
132,-1,131,0,7,1089,1320,658,D2,0,2,None,1
133,134,-1,7,0,505,755,658,D2,0,2,24,1
134,135,133,0,7,779,1019,658,D2,0,2,37,1
135,-1,134,7,1,1056,1374,738,D2,0,2,None,1
136,137,-1,0,6,625,695,162,D,0,2,20,1
137,138,136,6,0,715,778,162,D,0,2,27,1
138,-1,137,0,29,805,1356,1403,D,0,2,None,1
139,140,-1,29,9,418,992,1516,D,0,2,40,1
140,-1,139,9,0,1032,1087,113,D,0,2,None,1
141,142,-1,1,0,553,618,302,G2,0,1,23,1
142,143,141,0,2,641,704,299,G2,0,1,20,1
143,144,142,2,0,724,786,299,G2,0,1,29,1
144,145,143,0,2,815,893,299,G2,0,1,53,1
145,146,144,2,0,946,1008,299,G2,0,1,21,1
146,147,145,0,34,1029,1053,83,G2,0,1,29,1
147,148,146,34,0,1082,1113,83,G2,0,1,28,1
148,149,147,0,2,1141,1203,299,G2,0,1,26,1
149,150,148,2,0,1229,1291,299,G2,0,1,25,1
150,-1,149,0,1,1316,1392,302,G2,0,1,None,1
151,152,-1,11,0,452,798,1113,G,0,1,24,1
152,-1,151,0,25,822,1314,1455,G,0,1,None,1
153,154,-1,25,0,423,940,1455,G,0,1,29,1
154,-1,153,0,11,969,1359,1113,G,0,1,None,1
155,156,-1,1,23,383,420,149,G2,0,1,29,1
156,157,155,23,2,449,498,146,G2,0,1,81,1
157,158,156,2,0,579,658,299,G2,0,1,20,1
158,159,157,0,2,678,740,299,G2,0,1,32,1
159,160,158,2,0,772,850,299,G2,0,1,29,1
160,161,159,0,2,879,941,299,G2,0,1,45,1
161,162,160,2,0,986,1080,299,G2,0,1,23,1
162,163,161,0,2,1103,1165,299,G2,0,1,57,1
163,-1,162,2,0,1222,1313,299,G2,0,1,None,1
164,165,-1,0,2,505,567,299,G2,0,1,58,1
165,166,164,2,0,625,696,299,G2,0,1,24,1
166,167,165,0,2,720,812,299,G2,0,1,28,1
167,168,166,2,0,840,902,299,G2,0,1,21,1
168,169,167,0,2,923,1020,299,G2,0,1,25,1
169,170,168,2,0,1045,1139,299,G2,0,1,27,1
170,-1,169,0,1,1166,1259,302,G2,0,1,None,1
171,172,-1,4,17,564,615,126,D2,0,2,20,1
172,173,171,17,5,635,812,352,D2,0,2,18,1
173,174,172,5,4,830,938,245,D2,0,2,26,1
174,175,173,4,5,964,1072,245,D2,0,2,29,1
175,-1,174,5,1,1101,1325,573,D2,0,2,None,1
176,177,-1,1,7,431,762,738,D2,0,2,29,1
177,178,176,7,0,791,1019,658,D2,0,2,27,1
178,-1,177,0,7,1046,1274,658,D2,0,2,None,1
179,180,-1,7,0,425,679,658,D2,0,2,21,1
180,181,179,0,7,700,953,658,D2,0,2,21,1
181,-1,180,7,4,974,1419,1085,D2,0,2,None,1
182,183,-1,1,11,556,876,810,G,0,1,23,1
183,184,182,11,0,899,1283,1112,G,0,1,22,1
184,-1,183,0,1,1305,1383,302,G,0,1,None,1
185,186,-1,1,11,451,765,810,G,0,1,21,1
186,187,185,11,0,786,1180,1112,G,0,1,31,1
187,-1,186,0,1,1211,1309,302,G,0,1,None,1
188,189,-1,1,27,430,486,207,G2,0,1,96,1
189,190,188,27,1,582,631,207,G2,0,1,48,1
190,191,189,1,21,679,807,352,G2,0,1,46,1
191,192,190,21,1,853,962,352,G2,0,1,15,1
192,193,191,1,27,977,1025,207,G2,0,1,65,1
193,194,192,27,1,1090,1174,207,G2,0,1,31,1
194,195,193,1,8,1205,1235,123,G2,0,1,47,1
195,196,194,8,1,1282,1320,123,G2,0,1,21,1
196,-1,195,1,27,1341,1397,207,G2,0,1,None,1
197,198,-1,27,1,417,473,207,G2,0,1,28,1
198,199,197,1,30,501,603,326,G2,0,1,22,1
199,200,198,30,1,625,726,326,G2,0,1,23,1
200,201,199,1,8,749,787,123,G2,0,1,22,1
201,202,200,8,1,809,854,123,G2,0,1,63,1
202,203,201,1,8,917,955,123,G2,0,1,24,1
203,204,202,8,1,979,1016,123,G2,0,1,44,1
204,205,203,1,30,1060,1156,326,G2,0,1,26,1
205,206,204,30,1,1182,1289,326,G2,0,1,21,1
206,207,205,1,8,1310,1348,123,G2,0,1,24,1
207,-1,206,8,1,1372,1402,123,G2,0,1,None,1
208,209,-1,3,35,485,807,960,G,0,1,26,1
209,210,208,35,3,833,1134,960,G,0,1,28,1
210,-1,209,3,10,1162,1255,245,G,0,1,None,1
211,212,-1,10,3,556,650,245,G,0,1,27,1
212,213,211,3,35,677,990,960,G,0,1,25,1
213,-1,212,35,3,1015,1330,960,G,0,1,None,1
214,215,-1,4,18,599,979,867,D2,0,2,20,1
215,-1,214,18,36,999,1400,1021,D2,0,2,None,1
216,217,-1,36,18,459,834,1021,D2,0,2,21,1
217,-1,216,18,1,855,1371,1201,D2,0,2,None,1
218,219,-1,1,24,446,471,57,D2,0,2,33,1
219,220,218,24,18,504,1032,1258,D2,0,2,20,1
220,-1,219,18,4,1052,1379,867,D2,0,2,None,1
221,222,-1,41,3,471,1046,1209,D,0,2,35,1
222,223,221,3,42,1081,1131,115,D,0,2,44,1
223,-1,222,42,43,1175,1281,207,D,0,2,None,1
224,225,-1,43,3,501,540,92,D,0,2,20,1
225,-1,224,3,41,560,1176,1209,D,0,2,None,1
226,227,-1,1,32,392,489,315,G2,0,1,43,1
227,228,226,32,44,532,683,350,G2,0,1,30,1
228,229,227,44,6,713,910,491,G2,0,1,75,1
229,230,228,6,2,985,1170,453,G2,0,1,104,1
230,-1,229,2,0,1274,1360,299,G2,0,1,None,1
231,232,-1,34,12,440,492,149,G2,0,1,21,1
232,233,231,12,1,513,646,368,G2,0,1,55,1
233,234,232,1,45,701,733,61,G2,0,1,87,1
234,235,233,45,1,820,846,61,G2,0,1,36,1
235,236,234,1,14,882,1042,454,G2,0,1,21,1
236,-1,235,14,1,1063,1214,454,G2,0,1,None,1
237,238,-1,0,1,529,687,387,D,0,2,22,1
238,239,237,1,8,709,756,123,D,0,2,20,1
239,240,238,8,1,776,823,123,D,0,2,52,1
240,241,239,1,30,875,1001,326,D,0,2,29,1
241,242,240,30,1,1030,1146,326,D,0,2,39,1
242,-1,241,1,27,1185,1263,302,D,0,2,None,1
243,244,-1,4,23,554,751,496,G,0,1,28,1
244,245,243,23,28,779,1092,810,G,0,1,63,1
245,-1,244,28,1,1155,1392,661,G,0,1,None,1
246,247,-1,1,5,474,726,573,G,0,1,28,1
247,248,246,5,28,754,962,553,G,0,1,19,1
248,249,247,28,5,981,1167,553,G,0,1,21,1
249,-1,248,5,4,1188,1274,226,G,0,1,None,1
250,251,-1,4,5,615,708,226,D2,0,2,20,1
251,252,250,5,4,728,820,226,D2,0,2,19,1
252,253,251,4,5,839,941,226,D2,0,2,20,1
253,254,252,5,17,961,1120,352,D2,0,2,43,1
254,255,253,17,4,1163,1226,126,D2,0,2,36,1
255,-1,254,4,36,1262,1318,154,D2,0,2,None,1
256,257,-1,36,5,504,672,380,D2,0,2,23,1
257,258,256,5,1,695,946,573,D2,0,2,23,1
258,259,257,1,5,969,1196,573,D2,0,2,21,1
259,-1,258,5,4,1217,1298,226,D2,0,2,None,1
260,261,-1,1,25,401,842,1152,G,0,1,118,1
261,-1,260,25,1,960,1377,1152,G,0,1,None,1
262,263,-1,3,10,533,631,245,D2,0,2,20,1
263,264,262,10,3,651,727,245,D2,0,2,22,1
264,265,263,3,10,749,835,245,D2,0,2,29,1
265,266,264,10,3,864,951,245,D2,0,2,39,1
266,267,265,3,10,990,1066,245,D2,0,2,28,1
267,268,266,10,3,1094,1175,245,D2,0,2,62,1
268,-1,267,3,10,1237,1328,245,D2,0,2,None,1
269,270,-1,3,10,428,510,245,D2,0,2,21,1
270,271,269,10,3,531,626,245,D2,0,2,38,1
271,272,270,3,10,664,746,245,D2,0,2,27,1
272,273,271,10,3,773,864,245,D2,0,2,20,1
273,274,272,3,10,884,966,245,D2,0,2,20,1
274,275,273,10,3,986,1062,245,D2,0,2,20,1
275,276,274,3,10,1082,1164,245,D2,0,2,33,1
276,-1,275,10,3,1197,1279,245,D2,0,2,None,1
277,278,-1,3,19,390,539,403,G2,0,1,25,1
278,279,277,19,3,564,711,403,G2,0,1,21,1
279,280,278,3,46,732,825,283,G2,0,1,27,1
280,281,279,46,3,852,957,283,G2,0,1,25,1
281,282,280,3,19,982,1111,403,G2,0,1,24,1
282,283,281,19,3,1135,1257,403,G2,0,1,24,1
283,-1,282,3,19,1281,1409,403,G2,0,1,None,1
284,285,-1,19,3,462,598,403,G2,0,1,20,1
285,286,284,3,19,618,737,403,G2,0,1,26,1
286,287,285,19,3,763,892,403,G2,0,1,20,1
287,288,286,3,19,912,1052,403,G2,0,1,102,1
288,-1,287,19,3,1154,1287,403,G2,0,1,None,1
289,290,-1,13,4,520,693,534,G2,0,1,48,1
290,291,289,4,13,741,913,534,G2,0,1,32,1
291,-1,290,13,9,945,1370,1283,G2,0,1,None,1
292,293,-1,9,13,415,864,1283,G2,0,1,30,1
293,294,292,13,4,894,1076,534,G2,0,1,49,1
294,-1,293,4,13,1125,1287,534,G2,0,1,None,1
295,296,-1,0,37,568,1036,1371,G2,0,1,45,1
296,297,295,37,13,1081,1147,197,G2,0,1,19,1
297,-1,296,13,4,1166,1316,534,G2,0,1,None,1
298,299,-1,4,13,532,695,534,G2,0,1,18,1
299,300,298,13,37,713,779,197,G2,0,1,31,1
300,-1,299,37,0,810,1276,1371,G2,0,1,None,1
301,302,-1,0,7,550,813,658,D2,0,2,52,1
302,-1,301,7,0,865,1098,658,D2,0,2,None,1
303,304,-1,8,7,519,861,939,G2,0,1,29,1
304,-1,303,7,8,890,1221,939,G2,0,1,None,1
305,306,-1,8,4,409,713,923,G2,0,1,45,1
306,307,305,4,8,758,1092,923,G2,0,1,87,1
307,-1,306,8,0,1179,1289,264,G2,0,1,None,1
308,309,-1,0,18,496,960,1505,G2,0,1,21,1
309,-1,308,18,4,981,1219,867,G2,0,1,None,1
310,311,-1,4,18,488,725,867,G2,0,1,25,1
311,-1,310,18,0,750,1252,1505,G2,0,1,None,1
312,313,-1,0,14,1820,1883,152,D,1,2,45,1
313,314,312,14,6,1928,2077,314,D,1,2,52,1
314,315,313,6,14,2129,2286,314,D,1,2,62,1
315,316,314,14,15,2348,2538,428,D,1,2,24,1
316,-1,315,15,20,2562,2779,554,D,1,2,None,1
317,318,-1,0,16,1904,1935,82,D,1,2,21,1
318,319,317,16,9,1956,2037,195,D,1,2,20,1
319,320,318,9,6,2057,2176,275,D,1,2,23,1
320,321,319,6,14,2199,2351,314,D,1,2,30,1
321,322,320,14,6,2381,2580,314,D,1,2,56,1
322,-1,321,6,20,2636,2827,440,D,1,2,None,1
323,324,-1,20,4,1945,2307,928,D,1,2,25,1
324,325,323,4,22,2332,2512,642,D,1,2,21,1
325,326,324,22,31,2533,2659,348,D,1,2,41,1
326,-1,325,31,0,2700,2824,356,D,1,2,None,1
327,328,-1,0,32,1795,1810,21,G,1,1,41,1
328,329,327,32,9,1851,1914,134,G,1,1,19,1
329,330,328,9,8,1933,2103,394,G,1,1,30,1
330,331,329,8,0,2133,2250,264,G,1,1,21,1
331,332,330,0,8,2271,2386,264,G,1,1,33,1
332,-1,331,8,4,2419,2730,931,G,1,1,None,1
333,334,-1,13,4,1937,2070,513,G,1,1,20,1
334,335,333,4,33,2090,2156,206,G,1,1,20,1
335,336,334,33,17,2176,2325,342,G,1,1,23,1
336,337,335,17,33,2348,2486,342,G,1,1,31,1
337,-1,336,33,0,2517,2839,866,G,1,1,None,1
338,339,-1,0,10,1890,2107,564,G,1,1,48,1
339,340,338,10,20,2155,2497,842,G,1,1,22,1
340,-1,339,20,8,2519,2773,559,G,1,1,None,1
341,342,-1,8,0,1906,2011,281,G,1,1,23,1
342,343,341,0,2,2034,2129,299,G,1,1,71,1
343,344,342,2,0,2200,2282,299,G,1,1,28,1
344,345,343,0,23,2310,2369,153,G,1,1,25,1
345,346,344,23,0,2394,2442,153,G,1,1,21,1
346,347,345,0,2,2463,2560,299,G,1,1,55,1
347,348,346,2,23,2615,2659,146,G,1,1,68,1
348,-1,347,23,3,2727,2821,166,G,1,1,None,1
349,350,-1,0,7,1937,2183,658,D2,1,2,27,1
350,351,349,7,3,2210,2509,733,D2,1,2,38,1
351,-1,350,3,7,2547,2856,733,D2,1,2,None,1
352,353,-1,7,0,2028,2252,658,D2,1,2,24,1
353,354,352,0,7,2276,2530,658,D2,1,2,44,1
354,-1,353,7,0,2574,2796,658,D2,1,2,None,1
355,356,-1,1,0,1894,1994,302,G,1,1,26,1
356,357,355,0,11,2020,2429,1112,G,1,1,21,1
357,-1,356,11,0,2450,2827,1112,G,1,1,None,1
358,359,-1,34,0,1910,1936,83,G,1,1,21,1
359,360,358,0,11,1957,2332,1112,G,1,1,23,1
360,361,359,11,0,2355,2740,1112,G,1,1,24,1
361,-1,360,0,1,2764,2842,302,G,1,1,None,1
362,363,-1,4,22,1968,2166,642,D2,1,2,28,1
363,364,362,22,5,2194,2473,868,D2,1,2,20,1
364,-1,363,5,20,2493,2873,989,D2,1,2,None,1
365,366,-1,20,16,1913,2064,360,D2,1,2,19,1
366,367,365,16,14,2083,2182,234,D2,1,2,20,1
367,368,366,14,0,2202,2269,152,D2,1,2,21,1
368,369,367,0,20,2290,2403,278,D2,1,2,28,1
369,-1,368,20,4,2431,2766,928,D2,1,2,None,1
370,371,-1,0,6,1834,1909,162,D,1,2,19,1
371,372,370,6,9,1928,2051,275,D,1,2,19,1
372,373,371,9,21,2070,2173,248,D,1,2,38,1
373,374,372,21,9,2211,2324,248,D,1,2,55,1
374,375,373,9,16,2379,2481,195,D,1,2,19,1
375,376,374,16,9,2500,2594,195,D,1,2,21,1
376,-1,375,9,6,2615,2755,275,D,1,2,None,1
377,378,-1,6,12,1882,2005,275,D,1,2,20,1
378,379,377,12,16,2025,2104,148,D,1,2,24,1
379,380,378,16,12,2128,2202,148,D,1,2,21,1
380,381,379,12,6,2223,2335,228,D,1,2,63,1
381,-1,380,6,0,2398,2475,162,D,1,2,None,1
382,383,-1,0,15,1817,1905,276,D,1,2,52,1
383,384,382,15,0,1957,2073,276,D,1,2,37,1
384,385,383,0,15,2110,2198,276,D,1,2,32,1
385,386,384,15,22,2230,2341,268,D,1,2,18,1
386,387,385,22,15,2359,2442,268,D,1,2,24,1
387,388,386,15,22,2466,2548,268,D,1,2,21,1
388,389,387,22,6,2569,2640,154,D,1,2,31,1
389,390,388,6,0,2671,2735,154,D,1,2,35,1
390,-1,389,0,16,2770,2802,74,D,1,2,None,1
391,392,-1,21,0,1870,1934,135,D,1,2,21,1
392,393,391,0,6,1955,2032,162,D,1,2,37,1
393,394,392,6,0,2069,2152,162,D,1,2,28,1
394,395,393,0,6,2180,2255,162,D,1,2,18,1
395,396,394,6,0,2273,2336,162,D,1,2,33,1
396,397,395,0,6,2369,2451,162,D,1,2,67,1
397,398,396,6,0,2518,2601,162,D,1,2,34,1
398,-1,397,0,15,2635,2730,276,D,1,2,None,1
399,400,-1,0,31,1865,1994,356,D,1,2,81,1
400,401,399,31,14,2075,2291,508,D,1,2,46,1
401,402,400,14,15,2337,2497,428,D,1,2,31,1
402,403,401,15,12,2528,2680,342,D,1,2,21,1
403,-1,402,12,0,2701,2731,66,D,1,2,None,1
404,405,-1,1,0,2073,2151,302,D2,1,2,25,1
405,406,404,0,2,2176,2238,299,D2,1,2,62,1
406,407,405,2,0,2300,2370,299,D2,1,2,24,1
407,-1,406,0,2,2394,2472,299,D2,1,2,None,1
408,409,-1,2,24,2253,2516,54,D2,1,2,20,1
409,410,408,24,2,2536,2553,54,D2,1,2,24,1
410,411,409,2,0,2577,2639,299,D2,1,2,25,1
411,412,410,0,2,2664,2727,299,D2,1,2,33,1
412,-1,411,2,24,2760,2777,54,D2,1,2,None,1
413,414,-1,24,2,1865,1882,54,D2,1,2,33,1
414,415,413,2,0,1915,1977,299,D2,1,2,26,1
415,416,414,0,2,2003,2097,299,D2,1,2,29,1
416,417,415,2,0,2126,2188,299,D2,1,2,22,1
417,418,416,0,2,2210,2297,299,D2,1,2,23,1
418,419,417,2,0,2320,2390,299,D2,1,2,26,1
419,420,418,0,2,2416,2490,299,D2,1,2,22,1
420,421,419,2,0,2512,2590,299,D2,1,2,21,1
421,-1,420,0,1,2611,2711,302,D2,1,2,None,1
422,423,-1,10,9,1860,2094,677,G,1,1,20,1
423,424,422,9,28,2114,2465,1078,G,1,1,64,1
424,-1,423,28,0,2529,2857,965,G,1,1,None,1
425,426,-1,3,0,1889,2016,319,G,1,1,23,1
426,427,425,0,1,2039,2208,404,G,1,1,63,1
427,428,426,1,0,2271,2456,404,G,1,1,19,1
428,429,427,0,40,2475,2618,348,G,1,1,22,1
429,430,428,40,24,2640,2710,103,G,1,1,78,1
430,-1,429,24,3,2788,2835,74,G,1,1,None,1
431,432,-1,0,6,2016,2085,162,D,1,2,29,1
432,433,431,6,12,2114,2218,228,D,1,2,37,1
433,434,432,12,6,2255,2375,228,D,1,2,41,1
434,435,433,6,9,2416,2535,275,D,1,2,26,1
435,436,434,9,16,2561,2644,195,D,1,2,23,1
436,-1,435,16,12,2667,2744,148,D,1,2,None,1
437,438,-1,12,21,1882,1971,201,D,1,2,19,1
438,439,437,21,14,1990,2123,287,D,1,2,21,1
439,440,438,14,21,2144,2265,287,D,1,2,24,1
440,441,439,21,12,2289,2388,201,D,1,2,178,1
441,-1,440,12,0,2566,2596,66,D,1,2,None,1
442,443,-1,1,7,1899,2231,738,D2,1,2,55,1
443,444,442,7,0,2286,2507,658,D2,1,2,22,1
444,-1,443,0,7,2529,2760,658,D2,1,2,None,1
445,446,-1,7,0,1945,2195,658,D2,1,2,24,1
446,447,445,0,7,2219,2459,658,D2,1,2,37,1
447,-1,446,7,1,2496,2814,738,D2,1,2,None,1
448,449,-1,0,6,2065,2135,162,D,1,2,20,1
449,450,448,6,0,2155,2218,162,D,1,2,27,1
450,-1,449,0,29,2245,2796,1403,D,1,2,None,1
451,452,-1,29,9,1858,2432,1516,D,1,2,40,1
452,-1,451,9,0,2472,2527,113,D,1,2,None,1
453,454,-1,1,0,1993,2058,302,G2,1,1,23,1
454,455,453,0,2,2081,2144,299,G2,1,1,20,1
455,456,454,2,0,2164,2226,299,G2,1,1,29,1
456,457,455,0,2,2255,2333,299,G2,1,1,53,1
457,458,456,2,0,2386,2448,299,G2,1,1,21,1
458,459,457,0,34,2469,2493,83,G2,1,1,29,1
459,460,458,34,0,2522,2553,83,G2,1,1,28,1
460,461,459,0,2,2581,2643,299,G2,1,1,26,1
461,462,460,2,0,2669,2731,299,G2,1,1,25,1
462,-1,461,0,1,2756,2832,302,G2,1,1,None,1
463,464,-1,11,0,1892,2238,1113,G,1,1,24,1
464,-1,463,0,25,2262,2754,1455,G,1,1,None,1
465,466,-1,25,0,1863,2380,1455,G,1,1,29,1
466,-1,465,0,11,2409,2799,1113,G,1,1,None,1
467,468,-1,1,23,1823,1860,149,G2,1,1,29,1
468,469,467,23,2,1889,1938,146,G2,1,1,81,1
469,470,468,2,0,2019,2098,299,G2,1,1,20,1
470,471,469,0,2,2118,2180,299,G2,1,1,32,1
471,472,470,2,0,2212,2290,299,G2,1,1,29,1
472,473,471,0,2,2319,2381,299,G2,1,1,45,1
473,474,472,2,0,2426,2520,299,G2,1,1,23,1
474,475,473,0,2,2543,2605,299,G2,1,1,57,1
475,-1,474,2,0,2662,2753,299,G2,1,1,None,1
476,477,-1,0,2,1945,2007,299,G2,1,1,58,1
477,478,476,2,0,2065,2136,299,G2,1,1,24,1
478,479,477,0,2,2160,2252,299,G2,1,1,28,1
479,480,478,2,0,2280,2342,299,G2,1,1,21,1
480,481,479,0,2,2363,2460,299,G2,1,1,25,1
481,482,480,2,0,2485,2579,299,G2,1,1,27,1
482,-1,481,0,1,2606,2699,302,G2,1,1,None,1
483,484,-1,4,17,2004,2055,126,D2,1,2,20,1
484,485,483,17,5,2075,2252,352,D2,1,2,18,1
485,486,484,5,4,2270,2378,245,D2,1,2,26,1
486,487,485,4,5,2404,2512,245,D2,1,2,29,1
487,-1,486,5,1,2541,2765,573,D2,1,2,None,1
488,489,-1,1,7,1871,2202,738,D2,1,2,29,1
489,490,488,7,0,2231,2459,658,D2,1,2,27,1
490,-1,489,0,7,2486,2714,658,D2,1,2,None,1
491,492,-1,7,0,1865,2119,658,D2,1,2,21,1
492,493,491,0,7,2140,2393,658,D2,1,2,21,1
493,-1,492,7,4,2414,2859,1085,D2,1,2,None,1
494,495,-1,1,11,1996,2316,810,G,1,1,23,1
495,496,494,11,0,2339,2723,1112,G,1,1,22,1
496,-1,495,0,1,2745,2823,302,G,1,1,None,1
497,498,-1,1,11,1891,2205,810,G,1,1,21,1
498,499,497,11,0,2226,2620,1112,G,1,1,31,1
499,-1,498,0,1,2651,2749,302,G,1,1,None,1
500,501,-1,1,27,1870,1926,207,G2,1,1,96,1
501,502,500,27,1,2022,2071,207,G2,1,1,48,1
502,503,501,1,21,2119,2247,352,G2,1,1,46,1
503,504,502,21,1,2293,2402,352,G2,1,1,15,1
504,505,503,1,27,2417,2465,207,G2,1,1,65,1
505,506,504,27,1,2530,2614,207,G2,1,1,31,1
506,507,505,1,8,2645,2675,123,G2,1,1,47,1
507,508,506,8,1,2722,2760,123,G2,1,1,21,1
508,-1,507,1,27,2781,2837,207,G2,1,1,None,1
509,510,-1,27,1,1857,1913,207,G2,1,1,28,1
510,511,509,1,30,1941,2043,326,G2,1,1,22,1
511,512,510,30,1,2065,2166,326,G2,1,1,23,1
512,513,511,1,8,2189,2227,123,G2,1,1,22,1
513,514,512,8,1,2249,2294,123,G2,1,1,63,1
514,515,513,1,8,2357,2395,123,G2,1,1,24,1
515,516,514,8,1,2419,2456,123,G2,1,1,44,1
516,517,515,1,30,2500,2596,326,G2,1,1,26,1
517,518,516,30,1,2622,2729,326,G2,1,1,21,1
518,519,517,1,8,2750,2788,123,G2,1,1,24,1
519,-1,518,8,1,2812,2842,123,G2,1,1,None,1
520,521,-1,3,35,1925,2247,960,G,1,1,26,1
521,522,520,35,3,2273,2574,960,G,1,1,28,1
522,-1,521,3,10,2602,2695,245,G,1,1,None,1
523,524,-1,10,3,1996,2090,245,G,1,1,27,1
524,525,523,3,35,2117,2430,960,G,1,1,25,1
525,-1,524,35,3,2455,2770,960,G,1,1,None,1
526,527,-1,4,18,2039,2419,867,D2,1,2,20,1
527,-1,526,18,36,2439,2840,1021,D2,1,2,None,1
528,529,-1,36,18,1899,2274,1021,D2,1,2,21,1
529,-1,528,18,1,2295,2811,1201,D2,1,2,None,1
530,531,-1,1,24,1886,1911,57,D2,1,2,33,1
531,532,530,24,18,1944,2472,1258,D2,1,2,20,1
532,-1,531,18,4,2492,2819,867,D2,1,2,None,1
533,534,-1,41,3,1911,2486,1209,D,1,2,35,1
534,535,533,3,42,2521,2571,115,D,1,2,44,1
535,-1,534,42,43,2615,2721,207,D,1,2,None,1
536,537,-1,43,3,1941,1980,92,D,1,2,20,1
537,-1,536,3,41,2000,2616,1209,D,1,2,None,1
538,539,-1,1,32,1832,1929,315,G2,1,1,43,1
539,540,538,32,44,1972,2123,350,G2,1,1,30,1
540,541,539,44,6,2153,2350,491,G2,1,1,75,1
541,542,540,6,2,2425,2610,453,G2,1,1,104,1
542,-1,541,2,0,2714,2800,299,G2,1,1,None,1
543,544,-1,34,12,1880,1932,149,G2,1,1,21,1
544,545,543,12,1,1953,2086,368,G2,1,1,55,1
545,546,544,1,45,2141,2173,61,G2,1,1,87,1
546,547,545,45,1,2260,2286,61,G2,1,1,36,1
547,548,546,1,14,2322,2482,454,G2,1,1,21,1
548,-1,547,14,1,2503,2654,454,G2,1,1,None,1
549,550,-1,0,1,1969,2127,387,D,1,2,22,1
550,551,549,1,8,2149,2196,123,D,1,2,20,1
551,552,550,8,1,2216,2263,123,D,1,2,52,1
552,553,551,1,30,2315,2441,326,D,1,2,29,1
553,554,552,30,1,2470,2586,326,D,1,2,39,1
554,-1,553,1,27,2625,2703,302,D,1,2,None,1
555,556,-1,4,23,1994,2191,496,G,1,1,28,1
556,557,555,23,28,2219,2532,810,G,1,1,63,1
557,-1,556,28,1,2595,2832,661,G,1,1,None,1
558,559,-1,1,5,1914,2166,573,G,1,1,28,1
559,560,558,5,28,2194,2402,553,G,1,1,19,1
560,561,559,28,5,2421,2607,553,G,1,1,21,1
561,-1,560,5,4,2628,2714,226,G,1,1,None,1
562,563,-1,4,5,2055,2148,226,D2,1,2,20,1
563,564,562,5,4,2168,2260,226,D2,1,2,19,1
564,565,563,4,5,2279,2381,226,D2,1,2,20,1
565,566,564,5,17,2401,2560,352,D2,1,2,43,1
566,567,565,17,4,2603,2666,126,D2,1,2,36,1
567,-1,566,4,36,2702,2758,154,D2,1,2,None,1
568,569,-1,36,5,1944,2112,380,D2,1,2,23,1
569,570,568,5,1,2135,2386,573,D2,1,2,23,1
570,571,569,1,5,2409,2636,573,D2,1,2,21,1
571,-1,570,5,4,2657,2738,226,D2,1,2,None,1
572,573,-1,1,25,1841,2282,1152,G,1,1,118,1
573,-1,572,25,1,2400,2817,1152,G,1,1,None,1
574,575,-1,3,10,1973,2071,245,D2,1,2,20,1
575,576,574,10,3,2091,2167,245,D2,1,2,22,1
576,577,575,3,10,2189,2275,245,D2,1,2,29,1
577,578,576,10,3,2304,2391,245,D2,1,2,39,1
578,579,577,3,10,2430,2506,245,D2,1,2,28,1
579,580,578,10,3,2534,2615,245,D2,1,2,62,1
580,-1,579,3,10,2677,2768,245,D2,1,2,None,1
581,582,-1,3,10,1868,1950,245,D2,1,2,21,1
582,583,581,10,3,1971,2066,245,D2,1,2,38,1
583,584,582,3,10,2104,2186,245,D2,1,2,27,1
584,585,583,10,3,2213,2304,245,D2,1,2,20,1
585,586,584,3,10,2324,2406,245,D2,1,2,20,1
586,587,585,10,3,2426,2502,245,D2,1,2,20,1
587,588,586,3,10,2522,2604,245,D2,1,2,33,1
588,-1,587,10,3,2637,2719,245,D2,1,2,None,1
589,590,-1,3,19,1830,1979,403,G2,1,1,25,1
590,591,589,19,3,2004,2151,403,G2,1,1,21,1
591,592,590,3,46,2172,2265,283,G2,1,1,27,1
592,593,591,46,3,2292,2397,283,G2,1,1,25,1
593,594,592,3,19,2422,2551,403,G2,1,1,24,1
594,595,593,19,3,2575,2697,403,G2,1,1,24,1
595,-1,594,3,19,2721,2849,403,G2,1,1,None,1
596,597,-1,19,3,1902,2038,403,G2,1,1,20,1
597,598,596,3,19,2058,2177,403,G2,1,1,26,1
598,599,597,19,3,2203,2332,403,G2,1,1,20,1
599,600,598,3,19,2352,2492,403,G2,1,1,102,1
600,-1,599,19,3,2594,2727,403,G2,1,1,None,1
601,602,-1,13,4,1960,2133,534,G2,1,1,48,1
602,603,601,4,13,2181,2353,534,G2,1,1,32,1
603,-1,602,13,9,2385,2810,1283,G2,1,1,None,1
604,605,-1,9,13,1855,2304,1283,G2,1,1,30,1
605,606,604,13,4,2334,2516,534,G2,1,1,49,1
606,-1,605,4,13,2565,2727,534,G2,1,1,None,1
607,608,-1,0,37,2008,2476,1371,G2,1,1,45,1
608,609,607,37,13,2521,2587,197,G2,1,1,19,1
609,-1,608,13,4,2606,2756,534,G2,1,1,None,1
610,611,-1,4,13,1972,2135,534,G2,1,1,18,1
611,612,610,13,37,2153,2219,197,G2,1,1,31,1
612,-1,611,37,0,2250,2716,1371,G2,1,1,None,1
613,614,-1,0,7,1990,2253,658,D2,1,2,52,1
614,-1,613,7,0,2305,2538,658,D2,1,2,None,1
615,616,-1,8,7,1959,2301,939,G2,1,1,29,1
616,-1,615,7,8,2330,2661,939,G2,1,1,None,1
617,618,-1,8,4,1849,2153,923,G2,1,1,45,1
618,619,617,4,8,2198,2532,923,G2,1,1,87,1
619,-1,618,8,0,2619,2729,264,G2,1,1,None,1
620,621,-1,0,18,1936,2400,1505,G2,1,1,21,1
621,-1,620,18,4,2421,2659,867,G2,1,1,None,1
622,623,-1,4,18,1928,2165,867,G2,1,1,25,1
623,-1,622,18,0,2190,2692,1505,G2,1,1,None,1
624,625,-1,0,14,3260,3323,152,D,2,2,45,1
625,626,624,14,6,3368,3517,314,D,2,2,52,0
626,627,625,6,14,3569,3726,314,D,2,2,62,1
627,628,626,14,15,3788,3978,428,D,2,2,24,0
628,-1,627,15,20,4002,4219,554,D,2,2,None,1
629,630,-1,0,16,3344,3375,82,D,2,2,21,1
630,631,629,16,9,3396,3477,195,D,2,2,20,1
631,632,630,9,6,3497,3616,275,D,2,2,23,0
632,633,631,6,14,3639,3791,314,D,2,2,30,0
633,634,632,14,6,3821,4020,314,D,2,2,56,1
634,-1,633,6,20,4076,4267,440,D,2,2,None,0
635,636,-1,20,4,3385,3747,928,D,2,2,25,1
636,637,635,4,22,3772,3952,642,D,2,2,21,1
637,638,636,22,31,3973,4099,348,D,2,2,41,1
638,-1,637,31,0,4140,4264,356,D,2,2,None,1
639,640,-1,0,32,3235,3250,21,G,2,1,41,0
640,641,639,32,9,3291,3354,134,G,2,1,19,1
641,642,640,9,8,3373,3543,394,G,2,1,30,1
642,643,641,8,0,3573,3690,264,G,2,1,21,1
643,644,642,0,8,3711,3826,264,G,2,1,33,0
644,-1,643,8,4,3859,4170,931,G,2,1,None,1
645,646,-1,13,4,3377,3510,513,G,2,1,20,0
646,647,645,4,33,3530,3596,206,G,2,1,20,1
647,648,646,33,17,3616,3765,342,G,2,1,23,1
648,649,647,17,33,3788,3926,342,G,2,1,31,1
649,-1,648,33,0,3957,4279,866,G,2,1,None,1
650,651,-1,0,10,3330,3547,564,G,2,1,48,1
651,652,650,10,20,3595,3937,842,G,2,1,22,1
652,-1,651,20,8,3959,4213,559,G,2,1,None,1
653,654,-1,8,0,3346,3451,281,G,2,1,23,1
654,655,653,0,2,3474,3569,299,G,2,1,71,1
655,656,654,2,0,3640,3722,299,G,2,1,28,1
656,657,655,0,23,3750,3809,153,G,2,1,25,1
657,658,656,23,0,3834,3882,153,G,2,1,21,1
658,659,657,0,2,3903,4000,299,G,2,1,55,1
659,660,658,2,23,4055,4099,146,G,2,1,68,0
660,-1,659,23,3,4167,4261,166,G,2,1,None,1
661,662,-1,0,7,3377,3623,658,D2,2,2,27,1
662,663,661,7,3,3650,3949,733,D2,2,2,38,1
663,-1,662,3,7,3987,4296,733,D2,2,2,None,1
664,665,-1,7,0,3468,3692,658,D2,2,2,24,1
665,666,664,0,7,3716,3970,658,D2,2,2,44,0
666,-1,665,7,0,4014,4236,658,D2,2,2,None,1
667,668,-1,1,0,3334,3434,302,G,2,1,26,0
668,669,667,0,11,3460,3869,1112,G,2,1,21,1
669,-1,668,11,0,3890,4267,1112,G,2,1,None,1
670,671,-1,34,0,3350,3376,83,G,2,1,21,0
671,672,670,0,11,3397,3772,1112,G,2,1,23,1
672,673,671,11,0,3795,4180,1112,G,2,1,24,1
673,-1,672,0,1,4204,4282,302,G,2,1,None,0
674,675,-1,4,22,3408,3606,642,D2,2,2,28,1
675,676,674,22,5,3634,3913,868,D2,2,2,20,0
676,-1,675,5,20,3933,4313,989,D2,2,2,None,1
677,678,-1,20,16,3353,3504,360,D2,2,2,19,1
678,679,677,16,14,3523,3622,234,D2,2,2,20,0
679,680,678,14,0,3642,3709,152,D2,2,2,21,1
680,681,679,0,20,3730,3843,278,D2,2,2,28,1
681,-1,680,20,4,3871,4206,928,D2,2,2,None,1
682,683,-1,0,6,3274,3349,162,D,2,2,19,1
683,684,682,6,9,3368,3491,275,D,2,2,19,0
684,685,683,9,21,3510,3613,248,D,2,2,38,1
685,686,684,21,9,3651,3764,248,D,2,2,55,1
686,687,685,9,16,3819,3921,195,D,2,2,19,1
687,688,686,16,9,3940,4034,195,D,2,2,21,1
688,-1,687,9,6,4055,4195,275,D,2,2,None,0
689,690,-1,6,12,3322,3445,275,D,2,2,20,1
690,691,689,12,16,3465,3544,148,D,2,2,24,1
691,692,690,16,12,3568,3642,148,D,2,2,21,1
692,693,691,12,6,3663,3775,228,D,2,2,63,1
693,-1,692,6,0,3838,3915,162,D,2,2,None,1
694,695,-1,0,15,3257,3345,276,D,2,2,52,1
695,696,694,15,0,3397,3513,276,D,2,2,37,1
696,697,695,0,15,3550,3638,276,D,2,2,32,1
697,698,696,15,22,3670,3781,268,D,2,2,18,1
698,699,697,22,15,3799,3882,268,D,2,2,24,1
699,700,698,15,22,3906,3988,268,D,2,2,21,0
700,701,699,22,6,4009,4080,154,D,2,2,31,1
701,702,700,6,0,4111,4175,154,D,2,2,35,1
702,-1,701,0,16,4210,4242,74,D,2,2,None,0
703,704,-1,21,0,3310,3374,135,D,2,2,21,0
704,705,703,0,6,3395,3472,162,D,2,2,37,1
705,706,704,6,0,3509,3592,162,D,2,2,28,1
706,707,705,0,6,3620,3695,162,D,2,2,18,0
707,708,706,6,0,3713,3776,162,D,2,2,33,1
708,709,707,0,6,3809,3891,162,D,2,2,67,0
709,710,708,6,0,3958,4041,162,D,2,2,34,1
710,-1,709,0,15,4075,4170,276,D,2,2,None,1
711,712,-1,0,31,3305,3434,356,D,2,2,81,1
712,713,711,31,14,3515,3731,508,D,2,2,46,1
713,714,712,14,15,3777,3937,428,D,2,2,31,1
714,715,713,15,12,3968,4120,342,D,2,2,21,1
715,-1,714,12,0,4141,4171,66,D,2,2,None,1
716,717,-1,1,0,3513,3591,302,D2,2,2,25,1
717,718,716,0,2,3616,3678,299,D2,2,2,62,1
718,719,717,2,0,3740,3810,299,D2,2,2,24,1
719,-1,718,0,2,3834,3912,299,D2,2,2,None,1
720,721,-1,2,24,3693,3956,54,D2,2,2,20,0
721,722,720,24,2,3976,3993,54,D2,2,2,24,1
722,723,721,2,0,4017,4079,299,D2,2,2,25,1
723,724,722,0,2,4104,4167,299,D2,2,2,33,0
724,-1,723,2,24,4200,4217,54,D2,2,2,None,0
725,726,-1,24,2,3305,3322,54,D2,2,2,33,1
726,727,725,2,0,3355,3417,299,D2,2,2,26,1
727,728,726,0,2,3443,3537,299,D2,2,2,29,1
728,729,727,2,0,3566,3628,299,D2,2,2,22,1
729,730,728,0,2,3650,3737,299,D2,2,2,23,1
730,731,729,2,0,3760,3830,299,D2,2,2,26,1
731,732,730,0,2,3856,3930,299,D2,2,2,22,0
732,733,731,2,0,3952,4030,299,D2,2,2,21,1
733,-1,732,0,1,4051,4151,302,D2,2,2,None,1
734,735,-1,10,9,3300,3534,677,G,2,1,20,0
735,736,734,9,28,3554,3905,1078,G,2,1,64,1
736,-1,735,28,0,3969,4297,965,G,2,1,None,0
737,738,-1,3,0,3329,3456,319,G,2,1,23,1
738,739,737,0,1,3479,3648,404,G,2,1,63,1
739,740,738,1,0,3711,3896,404,G,2,1,19,1
740,741,739,0,40,3915,4058,348,G,2,1,22,1
741,742,740,40,24,4080,4150,103,G,2,1,78,1
742,-1,741,24,3,4228,4275,74,G,2,1,None,1
743,744,-1,0,6,3456,3525,162,D,2,2,29,0
744,745,743,6,12,3554,3658,228,D,2,2,37,1
745,746,744,12,6,3695,3815,228,D,2,2,41,1
746,747,745,6,9,3856,3975,275,D,2,2,26,1
747,748,746,9,16,4001,4084,195,D,2,2,23,1
748,-1,747,16,12,4107,4184,148,D,2,2,None,0
749,750,-1,12,21,3322,3411,201,D,2,2,19,1
750,751,749,21,14,3430,3563,287,D,2,2,21,0
751,752,750,14,21,3584,3705,287,D,2,2,24,1
752,753,751,21,12,3729,3828,201,D,2,2,178,1
753,-1,752,12,0,4006,4036,66,D,2,2,None,1
754,755,-1,1,7,3339,3671,738,D2,2,2,55,0
755,756,754,7,0,3726,3947,658,D2,2,2,22,1
756,-1,755,0,7,3969,4200,658,D2,2,2,None,1
757,758,-1,7,0,3385,3635,658,D2,2,2,24,1
758,759,757,0,7,3659,3899,658,D2,2,2,37,1
759,-1,758,7,1,3936,4254,738,D2,2,2,None,1
760,761,-1,0,6,3505,3575,162,D,2,2,20,1
761,762,760,6,0,3595,3658,162,D,2,2,27,0
762,-1,761,0,29,3685,4236,1403,D,2,2,None,1
763,764,-1,29,9,3298,3872,1516,D,2,2,40,0
764,-1,763,9,0,3912,3967,113,D,2,2,None,1
765,766,-1,1,0,3433,3498,302,G2,2,1,23,1
766,767,765,0,2,3521,3584,299,G2,2,1,20,1
767,768,766,2,0,3604,3666,299,G2,2,1,29,1
768,769,767,0,2,3695,3773,299,G2,2,1,53,1
769,770,768,2,0,3826,3888,299,G2,2,1,21,1
770,771,769,0,34,3909,3933,83,G2,2,1,29,1
771,772,770,34,0,3962,3993,83,G2,2,1,28,1
772,773,771,0,2,4021,4083,299,G2,2,1,26,0
773,774,772,2,0,4109,4171,299,G2,2,1,25,0
774,-1,773,0,1,4196,4272,302,G2,2,1,None,1
775,776,-1,11,0,3332,3678,1113,G,2,1,24,1
776,-1,775,0,25,3702,4194,1455,G,2,1,None,0
777,778,-1,25,0,3303,3820,1455,G,2,1,29,1
778,-1,777,0,11,3849,4239,1113,G,2,1,None,1
779,780,-1,1,23,3263,3300,149,G2,2,1,29,1
780,781,779,23,2,3329,3378,146,G2,2,1,81,0
781,782,780,2,0,3459,3538,299,G2,2,1,20,1
782,783,781,0,2,3558,3620,299,G2,2,1,32,1
783,784,782,2,0,3652,3730,299,G2,2,1,29,1
784,785,783,0,2,3759,3821,299,G2,2,1,45,1
785,786,784,2,0,3866,3960,299,G2,2,1,23,0
786,787,785,0,2,3983,4045,299,G2,2,1,57,1
787,-1,786,2,0,4102,4193,299,G2,2,1,None,1
788,789,-1,0,2,3385,3447,299,G2,2,1,58,1
789,790,788,2,0,3505,3576,299,G2,2,1,24,1
790,791,789,0,2,3600,3692,299,G2,2,1,28,1
791,792,790,2,0,3720,3782,299,G2,2,1,21,0
792,793,791,0,2,3803,3900,299,G2,2,1,25,1
793,794,792,2,0,3925,4019,299,G2,2,1,27,0
794,-1,793,0,1,4046,4139,302,G2,2,1,None,0
795,796,-1,4,17,3444,3495,126,D2,2,2,20,1
796,797,795,17,5,3515,3692,352,D2,2,2,18,1
797,798,796,5,4,3710,3818,245,D2,2,2,26,0
798,799,797,4,5,3844,3952,245,D2,2,2,29,1
799,-1,798,5,1,3981,4205,573,D2,2,2,None,1
800,801,-1,1,7,3311,3642,738,D2,2,2,29,0
801,802,800,7,0,3671,3899,658,D2,2,2,27,1
802,-1,801,0,7,3926,4154,658,D2,2,2,None,1
803,804,-1,7,0,3305,3559,658,D2,2,2,21,1
804,805,803,0,7,3580,3833,658,D2,2,2,21,1
805,-1,804,7,4,3854,4299,1085,D2,2,2,None,0
806,807,-1,1,11,3436,3756,810,G,2,1,23,1
807,808,806,11,0,3779,4163,1112,G,2,1,22,1
808,-1,807,0,1,4185,4263,302,G,2,1,None,0
809,810,-1,1,11,3331,3645,810,G,2,1,21,1
810,811,809,11,0,3666,4060,1112,G,2,1,31,0
811,-1,810,0,1,4091,4189,302,G,2,1,None,0
812,813,-1,1,27,3310,3366,207,G2,2,1,96,1
813,814,812,27,1,3462,3511,207,G2,2,1,48,1
814,815,813,1,21,3559,3687,352,G2,2,1,46,1
815,816,814,21,1,3733,3842,352,G2,2,1,15,0
816,817,815,1,27,3857,3905,207,G2,2,1,65,0
817,818,816,27,1,3970,4054,207,G2,2,1,31,1
818,819,817,1,8,4085,4115,123,G2,2,1,47,1
819,820,818,8,1,4162,4200,123,G2,2,1,21,1
820,-1,819,1,27,4221,4277,207,G2,2,1,None,1
821,822,-1,27,1,3297,3353,207,G2,2,1,28,0
822,823,821,1,30,3381,3483,326,G2,2,1,22,1
823,824,822,30,1,3505,3606,326,G2,2,1,23,1
824,825,823,1,8,3629,3667,123,G2,2,1,22,0
825,826,824,8,1,3689,3734,123,G2,2,1,63,1
826,827,825,1,8,3797,3835,123,G2,2,1,24,1
827,828,826,8,1,3859,3896,123,G2,2,1,44,1
828,829,827,1,30,3940,4036,326,G2,2,1,26,1
829,830,828,30,1,4062,4169,326,G2,2,1,21,0
830,831,829,1,8,4190,4228,123,G2,2,1,24,1
831,-1,830,8,1,4252,4282,123,G2,2,1,None,0
832,833,-1,3,35,3365,3687,960,G,2,1,26,1
833,834,832,35,3,3713,4014,960,G,2,1,28,1
834,-1,833,3,10,4042,4135,245,G,2,1,None,1
835,836,-1,10,3,3436,3530,245,G,2,1,27,0
836,837,835,3,35,3557,3870,960,G,2,1,25,0
837,-1,836,35,3,3895,4210,960,G,2,1,None,0
838,839,-1,4,18,3479,3859,867,D2,2,2,20,1
839,-1,838,18,36,3879,4280,1021,D2,2,2,None,1
840,841,-1,36,18,3339,3714,1021,D2,2,2,21,1
841,-1,840,18,1,3735,4251,1201,D2,2,2,None,0
842,843,-1,1,24,3326,3351,57,D2,2,2,33,1
843,844,842,24,18,3384,3912,1258,D2,2,2,20,1
844,-1,843,18,4,3932,4259,867,D2,2,2,None,1
845,846,-1,41,3,3351,3926,1209,D,2,2,35,1
846,847,845,3,42,3961,4011,115,D,2,2,44,0
847,-1,846,42,43,4055,4161,207,D,2,2,None,1
848,849,-1,43,3,3381,3420,92,D,2,2,20,1
849,-1,848,3,41,3440,4056,1209,D,2,2,None,1
850,851,-1,1,32,3272,3369,315,G2,2,1,43,1
851,852,850,32,44,3412,3563,350,G2,2,1,30,1
852,853,851,44,6,3593,3790,491,G2,2,1,75,1
853,854,852,6,2,3865,4050,453,G2,2,1,104,1
854,-1,853,2,0,4154,4240,299,G2,2,1,None,1
855,856,-1,34,12,3320,3372,149,G2,2,1,21,0
856,857,855,12,1,3393,3526,368,G2,2,1,55,0
857,858,856,1,45,3581,3613,61,G2,2,1,87,1
858,859,857,45,1,3700,3726,61,G2,2,1,36,1
859,860,858,1,14,3762,3922,454,G2,2,1,21,1
860,-1,859,14,1,3943,4094,454,G2,2,1,None,0
861,862,-1,0,1,3409,3567,387,D,2,2,22,0
862,863,861,1,8,3589,3636,123,D,2,2,20,1
863,864,862,8,1,3656,3703,123,D,2,2,52,1
864,865,863,1,30,3755,3881,326,D,2,2,29,1
865,866,864,30,1,3910,4026,326,D,2,2,39,1
866,-1,865,1,27,4065,4143,302,D,2,2,None,0
867,868,-1,4,23,3434,3631,496,G,2,1,28,1
868,869,867,23,28,3659,3972,810,G,2,1,63,0
869,-1,868,28,1,4035,4272,661,G,2,1,None,1
870,871,-1,1,5,3354,3606,573,G,2,1,28,1
871,872,870,5,28,3634,3842,553,G,2,1,19,1
872,873,871,28,5,3861,4047,553,G,2,1,21,1
873,-1,872,5,4,4068,4154,226,G,2,1,None,1
874,875,-1,4,5,3495,3588,226,D2,2,2,20,1
875,876,874,5,4,3608,3700,226,D2,2,2,19,1
876,877,875,4,5,3719,3821,226,D2,2,2,20,1
877,878,876,5,17,3841,4000,352,D2,2,2,43,1
878,879,877,17,4,4043,4106,126,D2,2,2,36,1
879,-1,878,4,36,4142,4198,154,D2,2,2,None,1
880,881,-1,36,5,3384,3552,380,D2,2,2,23,1
881,882,880,5,1,3575,3826,573,D2,2,2,23,1
882,883,881,1,5,3849,4076,573,D2,2,2,21,1
883,-1,882,5,4,4097,4178,226,D2,2,2,None,1
884,885,-1,1,25,3281,3722,1152,G,2,1,118,0
885,-1,884,25,1,3840,4257,1152,G,2,1,None,1
886,887,-1,3,10,3413,3511,245,D2,2,2,20,1
887,888,886,10,3,3531,3607,245,D2,2,2,22,1
888,889,887,3,10,3629,3715,245,D2,2,2,29,1
889,890,888,10,3,3744,3831,245,D2,2,2,39,0
890,891,889,3,10,3870,3946,245,D2,2,2,28,1
891,892,890,10,3,3974,4055,245,D2,2,2,62,1
892,-1,891,3,10,4117,4208,245,D2,2,2,None,1
893,894,-1,3,10,3308,3390,245,D2,2,2,21,0
894,895,893,10,3,3411,3506,245,D2,2,2,38,0
895,896,894,3,10,3544,3626,245,D2,2,2,27,1
896,897,895,10,3,3653,3744,245,D2,2,2,20,1
897,898,896,3,10,3764,3846,245,D2,2,2,20,1
898,899,897,10,3,3866,3942,245,D2,2,2,20,1
899,900,898,3,10,3962,4044,245,D2,2,2,33,1
900,-1,899,10,3,4077,4159,245,D2,2,2,None,1
901,902,-1,3,19,3270,3419,403,G2,2,1,25,1
902,903,901,19,3,3444,3591,403,G2,2,1,21,1
903,904,902,3,46,3612,3705,283,G2,2,1,27,0
904,905,903,46,3,3732,3837,283,G2,2,1,25,0
905,906,904,3,19,3862,3991,403,G2,2,1,24,1
906,907,905,19,3,4015,4137,403,G2,2,1,24,1
907,-1,906,3,19,4161,4289,403,G2,2,1,None,1
908,909,-1,19,3,3342,3478,403,G2,2,1,20,1
909,910,908,3,19,3498,3617,403,G2,2,1,26,1
910,911,909,19,3,3643,3772,403,G2,2,1,20,0
911,912,910,3,19,3792,3932,403,G2,2,1,102,0
912,-1,911,19,3,4034,4167,403,G2,2,1,None,0
913,914,-1,13,4,3400,3573,534,G2,2,1,48,1
914,915,913,4,13,3621,3793,534,G2,2,1,32,1
915,-1,914,13,9,3825,4250,1283,G2,2,1,None,1
916,917,-1,9,13,3295,3744,1283,G2,2,1,30,1
917,918,916,13,4,3774,3956,534,G2,2,1,49,1
918,-1,917,4,13,4005,4167,534,G2,2,1,None,1
919,920,-1,0,37,3448,3916,1371,G2,2,1,45,0
920,921,919,37,13,3961,4027,197,G2,2,1,19,1
921,-1,920,13,4,4046,4196,534,G2,2,1,None,1
922,923,-1,4,13,3412,3575,534,G2,2,1,18,1
923,924,922,13,37,3593,3659,197,G2,2,1,31,1
924,-1,923,37,0,3690,4156,1371,G2,2,1,None,0
925,926,-1,0,7,3430,3693,658,D2,2,2,52,1
926,-1,925,7,0,3745,3978,658,D2,2,2,None,0
927,928,-1,8,7,3399,3741,939,G2,2,1,29,1
928,-1,927,7,8,3770,4101,939,G2,2,1,None,1
929,930,-1,8,4,3289,3593,923,G2,2,1,45,1
930,931,929,4,8,3638,3972,923,G2,2,1,87,1
931,-1,930,8,0,4059,4169,264,G2,2,1,None,0
932,933,-1,0,18,3376,3840,1505,G2,2,1,21,1
933,-1,932,18,4,3861,4099,867,G2,2,1,None,0
934,935,-1,4,18,3368,3605,867,G2,2,1,25,1
935,-1,934,18,0,3630,4132,1505,G2,2,1,None,1
936,937,-1,0,26,3452,3597,360,D,2,2,33,2
937,938,936,26,0,3630,3772,360,D,2,2,24,2
938,939,937,0,26,3796,3932,360,D,2,2,83,2
939,-1,938,26,0,4015,4151,360,D,2,2,None,2
940,941,-1,1,0,3253,3337,302,G,2,1,23,2
941,942,940,0,11,3360,3712,1113,G,2,1,21,2
942,943,941,11,0,3733,4118,1113,G,2,1,21,2
943,-1,942,0,1,4139,4217,302,G,2,1,None,2
944,945,-1,4,17,3402,3453,123,D2,2,2,24,2
945,946,944,17,5,3477,3656,352,D2,2,2,22,2
946,947,945,5,38,3678,3888,510,D2,2,2,26,2
947,948,946,38,5,3914,4114,510,D2,2,2,21,2
948,-1,947,5,4,4135,4222,226,D2,2,2,None,2
949,950,-1,1,0,3297,3395,302,G,2,1,30,2
950,951,949,0,11,3425,3802,1113,G,2,1,21,2
951,952,950,11,0,3823,4200,1113,G,2,1,30,2
952,-1,951,0,1,4230,4316,302,G,2,1,None,2
953,954,-1,0,9,3275,3312,113,D,2,2,28,2
954,955,953,9,13,3340,3810,1286,D,2,2,22,2
955,-1,954,13,0,3832,4235,1173,D,2,2,None,2
956,957,-1,4,5,3302,3377,226,D2,2,2,20,2
957,958,956,5,29,3397,3821,990,D2,2,2,25,2
958,959,957,29,5,3846,4218,990,D2,2,2,20,2
959,-1,958,5,4,4238,4313,226,D2,2,2,None,2
960,961,-1,1,12,3381,3510,368,G,2,1,41,2
961,962,960,12,2,3551,3683,365,G,2,1,23,2
962,963,961,2,0,3706,3788,299,G,2,1,28,2
963,-1,962,0,1,3816,3892,302,G,2,1,None,2
964,-1,-1,0,7,4003,4236,658,D,2,2,None,2
965,-1,-1,0,8,3323,3374,264,G2,2,1,None,2
966,-1,-1,25,0,3746,4251,1455,G,2,1,None,2
967,-1,-1,0,25,3329,3816,1455,G,2,1,None,2
968,969,-1,3,39,3622,3710,165,G,2,1,20,2
969,-1,968,39,3,3730,3838,165,G2,2,1,None,2
970,-1,-1,0,1,3448,3541,387,G2,2,1,None,2
971,-1,-1,0,26,3452,3568,360,G,2,3,None,2
972,-1,-1,26,0,3630,3744,360,G,2,3,None,2
973,-1,-1,0,26,3796,3905,360,G,2,3,None,2
974,-1,-1,26,0,4015,4124,360,G,2,3,None,2
975,-1,-1,1,0,3253,3354,302,D,2,2,None,2
976,-1,-1,0,11,3360,3782,1113,D,2,2,None,2
977,-1,-1,11,0,3733,4195,1113,D,2,2,None,2
978,-1,-1,0,1,4139,4233,302,D,2,2,None,2
979,-1,-1,4,17,3402,3443,123,G2,2,3,None,2
980,-1,-1,17,5,3477,3620,352,G2,2,3,None,2
981,-1,-1,5,38,3678,3846,510,G2,2,3,None,2
982,-1,-1,38,5,3914,4074,510,G2,2,3,None,2
983,-1,-1,5,4,4135,4205,226,G2,2,3,None,2
984,-1,-1,1,0,3297,3415,302,D,2,2,None,2
985,-1,-1,0,11,3425,3877,1113,D,2,2,None,2
986,-1,-1,11,0,3823,4275,1113,D,2,2,None,2
987,-1,-1,0,1,4230,4333,302,D,2,2,None,2
988,-1,-1,0,9,3275,3305,113,G,2,3,None,2
989,-1,-1,9,13,3340,3716,1286,G,2,3,None,2
990,-1,-1,13,0,3832,4154,1173,G,2,3,None,2
991,-1,-1,4,5,3302,3362,226,G2,2,3,None,2
992,-1,-1,5,29,3397,3736,990,G2,2,3,None,2
993,-1,-1,29,5,3846,4144,990,G2,2,3,None,2
994,-1,-1,5,4,4238,4298,226,G2,2,3,None,2
995,-1,-1,1,12,3381,3536,368,D,2,2,None,2
996,-1,-1,12,2,3551,3709,365,D,2,2,None,2
997,-1,-1,2,0,3706,3804,299,D,2,2,None,2
998,-1,-1,0,1,3816,3907,302,D,2,2,None,2
999,-1,-1,0,7,4003,4189,658,G,2,3,None,2
1000,-1,-1,0,8,3323,3384,264,D2,2,2,None,2
1001,-1,-1,25,0,3746,4352,1455,D,2,2,None,2
1002,-1,-1,0,25,3329,3913,1455,D,2,2,None,2
1003,-1,-1,3,39,3622,3728,165,D,2,2,None,2
1004,-1,-1,39,3,3730,3860,165,D2,2,2,None,2
1005,-1,-1,0,1,3448,3560,387,D2,2,2,None,2
